endpoint_id,num_concurrent,duration
Excel #0,1,1.4492771625518799
Excel #0,0,1.0609626770019531e-4
Excel #0,1,1.312955379486084
Excel #0,0,0.00016355514526367188
Excel #0,1,0.9937355518341064
Excel #0,0,1.2612342834472656e-4
Excel #0,1,0.9983968734741211
Excel #0,0,2.1386146545410156e-4
Excel #0,1,0.9820883274078369
Excel #0,0,1.18255615234375e-4
Excel #0,1,1.459120273590088
Excel #0,0,0.00022268295288085938
Excel #0,1,1.153266191482544
Excel #0,0,9.441375732421875e-5
Excel #0,1,1.2353522777557373
Excel #0,0,5.53131103515625e-5
Excel #0,1,0.9370787143707275
Excel #0,0,3.600120544433594e-5
Excel #0,1,0.8499891757965088
Excel #0,0,6.29425048828125e-5
Excel #0,1,1.0266492366790771
Excel #0,0,3.380775451660156e-4
Excel #0,1,0.9024033546447754
Excel #0,0,5.841255187988281e-5
Excel #0,1,0.8406980037689209
Excel #0,0,1.7261505126953125e-4
Excel #0,1,0.9750778675079346
Excel #0,0,0.00023984909057617188
Excel #0,1,0.7911055088043213
Excel #0,0,0.00013303756713867188
Excel #0,1,0.8857564926147461
Excel #0,0,0.00015592575073242188
Excel #0,1,0.80712127685546875
Excel #0,0,7.1048736572265625e-05
Excel #0,1,0.7748210430145264
Excel #0,0,5.459785461425781e-5
Excel #0,1,0.9078083038330078
Excel #0,0,5.054473876953125e-5
Excel #0,1,1.014922857284546
Excel #0,0,4.9114227294921875e-5
Excel #0,1,0.8542969226837158
Excel #0,0,6.365776062011719e-5
Excel #0,1,1.0165636539459229
Excel #0,0,4.8160552978515625e-5
Excel #0,1,0.8196163177490234
Excel #0,0,5.8650970458984375e-5
Excel #0,1,0.803870439529419
Excel #0,0,7.0095062255859375e-05
Excel #0,1,0.9678587913513184
Excel #0,0,4.601478576660156e-5
Excel #0,1,0.9011082649230957
Excel #0,0,8.2492828369140625e-05
Excel #0,1,0.8689935207366943
Excel #0,0,5.316734313964844e-5
Excel #0,1,0.9172482490539551
Excel #0,0,4.5299530029296875e-5
Excel #0,1,0.8305525779724121
Excel #0,0,6.031990051269531e-5
Excel #0,1,0.7984054088592529
Excel #0,0,5.626678466796875e-5
Excel #0,1,0.9059720039367676
Excel #0,0,4.3392181396484375e-5
Excel #0,1,0.9936561584472656
Excel #0,0,5.14984130859375e-5
Excel #0,1,0.9046177864074707
Excel #0,0,1.1992454528808594e-4
Excel #0,1,0.866387128829956
Excel #0,0,7.343292236328125e-5
Excel #0,1,0.9967710971832275
Excel #0,0,3.981590270996094e-5
Excel #0,1,0.8401985168457031
Excel #0,0,5.2928924560546875e-5
Excel #0,1,0.735041618347168
Excel #0,0,3.647804260253906e-5
Excel #0,1,0.8066341876983643
Excel #0,0,4.482269287109375e-5
Excel #0,1,0.8730874061584473
Excel #0,0,1.9550323486328125e-5
Excel #0,1,0.9073953628540039
Excel #0,0,4.100799560546875e-5
Excel #0,1,1.2483766078948975
Excel #0,0,1.595020294189453e-4
Excel #0,1,0.8088226318359375
Excel #0,0,4.1484832763671875e-5
Excel #0,1,1.07673978805542
Excel #0,0,5.340576171875e-5
Excel #0,1,0.9701259136199951
Excel #0,0,2.384185791015625e-5
Excel #0,1,0.7386929988861084
Excel #0,0,4.38690185546875e-5
Excel #0,1,1.0663783550262451
Excel #0,0,3.790855407714844e-5
Excel #0,1,0.8567242622375488
Excel #0,0,4.1961669921875e-5
Excel #0,1,0.8896021842956543
Excel #0,0,0.00011491775512695313
Excel #0,1,1.0915446281433105
Excel #0,0,3.409385681152344e-5
Excel #0,1,0.8710958957672119
Excel #0,0,3.62396240234375e-5
Excel #0,1,1.0101914405822754
Excel #0,0,3.814697265625e-5
Excel #0,1,0.7785029411315918
Excel #0,0,0.00015306472778320313
Excel #0,1,0.9788627624511719
Excel #0,0,3.6716461181640625e-5
Excel #0,1,0.8012831211090088
Excel #0,0,3.0541419982910156e-4
Excel #0,1,1.1733980178833008
Excel #0,0,3.647804260253906e-5
Excel #0,1,0.75467681884765625
Excel #0,0,1.0514259338378906e-4
Excel #0,1,1.1455378532409668
Excel #0,0,1.289844512939453e-4
Excel #0,1,0.910876989364624
Excel #0,0,5.2928924560546875e-5
Excel #0,1,1.1779062747955322
Excel #0,0,4.100799560546875e-5
Excel #0,1,0.8189513683319092
Excel #0,0,4.100799560546875e-5
Excel #0,1,1.109618902206421
Excel #0,0,5.221366882324219e-5
Excel #0,1,0.9690251350402832
Excel #0,0,1.1348724365234375e-4
Excel #0,1,1.357414722442627
Excel #0,0,3.7670135498046875e-5
Excel #0,1,0.8281328678131104
Excel #0,0,3.743171691894531e-5
Excel #0,1,0.8934955596923828
Excel #0,0,3.504753112792969e-5
Excel #0,1,0.926659345626831
Excel #0,0,4.315376281738281e-5
Excel #0,1,0.8651421070098877
Excel #0,0,2.5272369384765625e-5
Excel #0,1,0.8904626369476318
Excel #0,0,2.86102294921875e-5
Excel #0,1,0.8241569995880127
Excel #0,0,4.1484832763671875e-5
Excel #0,1,1.2052092552185059
Excel #0,0,2.288818359375e-5
Excel #0,1,0.770850419998169
Excel #0,0,3.647804260253906e-5
Excel #0,1,1.156641960144043
Excel #0,0,2.5272369384765625e-5
Excel #0,1,0.8033428192138672
Excel #0,0,3.814697265625e-5
Excel #0,1,0.9023575782775879
Excel #0,0,6.580352783203125e-5
Excel #0,1,0.7806947231292725
Excel #0,0,9.2029571533203125e-05
Excel #0,1,1.128415822982788
Excel #0,0,4.38690185546875e-5
Excel #0,1,1.0047836303710938
Excel #0,0,3.147125244140625e-5
Excel #0,1,1.015613317489624
Excel #0,0,3.266334533691406e-5
Excel #0,1,0.8616542816162109
Excel #0,0,4.100799560546875e-5
Excel #0,1,0.8536620140075684
Excel #0,0,8.106231689453125e-5
Excel #0,1,0.8593399524688721
Excel #0,0,3.600120544433594e-5
Excel #0,1,0.7926454544067383
Excel #0,0,3.910064697265625e-5
Excel #0,1,1.11639404296875
Excel #0,0,4.3392181396484375e-5
Excel #0,1,1.080138921737671
Excel #0,0,3.62396240234375e-5
Excel #0,1,0.76712965965271
Excel #0,0,3.7670135498046875e-5
Excel #0,1,1.0888736248016357
Excel #0,0,3.790855407714844e-5
Excel #0,1,1.182680606842041
Excel #0,0,5.7697296142578125e-5
Excel #0,1,1.3520574569702148
Excel #0,0,5.459785461425781e-5
Excel #0,1,1.2768380641937256
Excel #0,0,1.8787384033203125e-4
Excel #0,1,0.769580602645874
Excel #0,0,4.029273986816406e-5
Excel #0,1,1.0170717239379883
Excel #0,0,6.771087646484375e-5
Excel #0,1,0.941511869430542
Excel #0,0,4.744529724121094e-5
Excel #0,1,1.2568879127502441
Excel #0,0,2.384185791015625e-5
Excel #0,1,0.9182446002960205
Excel #0,0,1.575946807861328e-4
Excel #0,1,1.1372342109680176
Excel #0,0,7.62939453125e-5
Excel #0,1,0.8841500282287598
Excel #0,0,5.2928924560546875e-5
Excel #0,1,1.2341227531433105
Excel #0,0,1.9550323486328125e-4
Excel #0,1,0.8650264739990234
Excel #0,0,4.100799560546875e-5
Excel #0,1,1.1212048530578613
Excel #0,0,8.58306884765625e-5
Excel #0,1,1.0017447471618652
Excel #0,0,1.270771026611328e-4
Excel #0,1,0.974564790725708
Excel #0,0,5.14984130859375e-5
Excel #0,1,1.166560411453247
Excel #0,0,2.288818359375e-5
Excel #0,1,0.8512160778045654
Excel #0,0,4.220008850097656e-5
Excel #0,1,1.205155611038208
Excel #0,0,2.288818359375e-5
Excel #0,1,0.8497424125671387
Excel #0,0,2.0575523376464844e-4
Excel #0,1,0.8745293617248535
Excel #0,0,3.933906555175781e-5
Excel #0,1,0.8450338840484619
Excel #0,0,3.838539123535156e-5
Excel #0,1,0.9405059814453125
Excel #0,0,5.245208740234375e-5
Excel #0,1,0.8851795196533203
Excel #0,0,3.7670135498046875e-5
Excel #0,1,0.8363842964172363
Excel #0,0,3.719329833984375e-5
Excel #0,1,1.1301276683807373
Excel #0,0,3.6716461181640625e-5
Excel #0,1,0.7979280948638916
Excel #0,0,4.267692565917969e-5
Excel #0,1,0.808990478515625
Excel #0,0,2.0432472229003906e-4
Excel #0,1,0.8116714954376221
Excel #0,0,3.7670135498046875e-5
Excel #0,1,0.794421911239624
Excel #0,0,2.789497375488281e-4
Excel #0,1,1.1212563514709473
Excel #0,0,7.3909759521484375e-05
Excel #0,1,1.395883560180664
Excel #0,0,2.47955322265625e-5
Excel #0,1,1.0500235557556152
Excel #0,0,0.00013113021850585938
Excel #0,1,0.9979996681213379
Excel #0,0,1.914501190185547e-4
Excel #0,1,1.5632073879241943
Excel #0,0,4.1484832763671875e-5
Excel #0,1,0.9532997608184814
Excel #0,0,8.893013000488281e-5
Excel #0,1,1.082643985748291
Excel #0,0,6.5326690673828125e-05
Excel #0,1,1.1294140815734863
Excel #0,0,3.2901763916015625e-5
Excel #0,1,1.2056849002838135
Excel #0,0,3.838539123535156e-5
Excel #0,1,1.0814433097839355
Excel #0,0,4.4345855712890625e-5
Excel #0,1,0.8532907962799072
Excel #0,0,4.076957702636719e-5
Excel #0,1,1.4662582874298096
Excel #0,0,4.5561790466308594e-4
Excel #0,1,1.058070182800293
Excel #0,0,3.7670135498046875e-5
Excel #0,1,0.8554301261901855
Excel #0,0,2.02178955078125e-4
Excel #0,1,0.947697639465332
Excel #0,0,5.9604644775390625e-5
Excel #0,1,0.9742574691772461
Excel #0,0,8.416175842285156e-5
Excel #0,1,0.8186652660369873
Excel #0,0,5.245208740234375e-5
Excel #0,1,0.8293843269348145
Excel #0,0,0.00019598007202148438
Excel #0,1,0.9492435455322266
Excel #0,0,3.814697265625e-5
Excel #0,1,1.2195842266082764
Excel #0,0,8.559226989746094e-5
Excel #0,1,0.9216198921203613
Excel #0,0,5.054473876953125e-5
Excel #0,1,1.2478344440460205
Excel #0,0,0.00018644332885742188
Excel #0,1,1.0511987209320068
Excel #0,0,3.62396240234375e-5
Excel #0,1,0.9753279685974121
Excel #0,0,1.773834228515625e-4
Excel #0,1,0.6873829364776611
Excel #0,0,4.315376281738281e-5
Excel #0,1,0.97780609130859375
Excel #0,0,4.172325134277344e-5
Excel #0,1,1.0788002014160156
Excel #0,0,3.6716461181640625e-5
Excel #0,1,0.8126125335693359
Excel #0,0,4.8160552978515625e-5
Excel #0,1,1.125401258468628
Excel #0,0,1.7189979553222656e-4
Excel #0,1,0.8492662906646729
Excel #0,0,3.838539123535156e-5
Excel #0,1,1.1343717575073242
Excel #0,0,3.838539123535156e-5
Excel #0,1,0.7916736602783203
Excel #0,0,4.220008850097656e-5
Excel #0,1,0.7352645397186279
Excel #0,0,3.981590270996094e-5
Excel #0,1,1.0263969898223877
Excel #0,0,7.05718994140625e-5
Excel #0,1,0.8179645538330078
Excel #0,0,4.2438507080078125e-5
Excel #0,1,0.8411321640014648
Excel #0,0,0.00017786026000976563
Excel #0,1,0.9944477081298828
Excel #0,0,2.3365020751953125e-5
Excel #0,1,0.7624859809875488
Excel #0,0,1.18255615234375e-4
Excel #0,1,0.8153481483459473
Excel #0,0,0.00012445449829101563
Excel #0,1,0.8638384342193604
Excel #0,0,3.743171691894531e-5
Excel #0,1,0.8096981048583984
Excel #0,0,8.0108642578125e-5
Excel #0,1,0.8741579055786133
Excel #0,0,3.9577484130859375e-5
Excel #0,1,0.8825170993804932
Excel #0,0,3.695487976074219e-5
Excel #0,1,0.8088316917419434
Excel #0,0,1.087188720703125e-4
Excel #0,1,0.8707339763641357
Excel #0,0,3.600120544433594e-5
Excel #0,1,1.1579127311706543
Excel #0,0,4.5299530029296875e-5
Excel #0,1,0.9376728534698486
Excel #0,0,5.125999450683594e-5
Excel #0,1,1.1696958541870117
Excel #0,0,4.2438507080078125e-5
Excel #0,1,0.849431037902832
Excel #0,0,1.125335693359375e-4
Excel #0,1,1.0304977893829346
Excel #0,0,5.030632019042969e-5
Excel #0,1,0.8825104236602783
Excel #0,0,1.56402587890625e-4
Excel #0,1,1.072143793106079
Excel #0,0,5.5789947509765625e-5
Excel #0,1,0.8501605987548828
Excel #0,0,4.1961669921875e-5
Excel #0,1,1.0772626399993896
Excel #0,0,4.792213439941406e-5
Excel #0,1,0.8640379905700684
Excel #0,0,3.719329833984375e-5
Excel #0,1,0.8175234794616699
Excel #0,0,3.886222839355469e-5
Excel #0,1,1.0301709175109863
Excel #0,0,5.698204040527344e-5
Excel #0,1,0.9785940647125244
Excel #0,0,3.814697265625e-5
Excel #0,1,1.1788394451141357
Excel #0,0,3.719329833984375e-5
Excel #0,1,0.725639820098877
Excel #0,0,5.3882598876953125e-5
Excel #0,1,0.851630449295044
Excel #0,0,3.266334533691406e-5
Excel #0,1,0.8500921726226807
Excel #0,0,5.125999450683594e-5
Excel #0,1,0.8829033374786377
Excel #0,0,2.8371810913085938e-05
Excel #0,1,0.7660248279571533
Excel #0,0,5.412101745605469e-5
Excel #0,1,0.9921469688415527
Excel #1,1,1.4064266681671143
Excel #1,0,0.0010974407196044922
Excel #1,1,1.4481401443481445
Excel #1,0,9.3936920166015625e-05
Excel #1,1,1.053182601928711
Excel #1,0,6.890296936035156e-5
Excel #1,1,1.1637485027313232
Excel #1,0,1.1563301086425781e-4
Excel #1,1,1.8770654201507568
Excel #1,0,1.087188720703125e-4
Excel #1,1,1.5684518814086914
Excel #1,0,0.0041904449462890625
Excel #1,1,1.0737879276275635
Excel #1,0,6.318092346191406e-5
Excel #1,1,1.0906023979187012
Excel #1,0,7.43865966796875e-5
Excel #1,1,1.0162749290466309
Excel #1,0,7.724761962890625e-5
Excel #1,1,1.0112481117248535
Excel #1,0,1.518726348876953e-4
Excel #1,1,1.1246044635772705
Excel #1,0,1.392364501953125e-4
Excel #1,1,0.9940760135650635
Excel #1,0,6.318092346191406e-5
Excel #1,1,1.0217313766479492
Excel #1,0,5.602836608886719e-5
Excel #1,1,1.0991313457489014
Excel #1,0,5.7697296142578125e-5
Excel #1,1,1.6110596656799316
Excel #1,0,1.1444091796875e-4
Excel #1,1,1.068190097808838
Excel #1,0,5.2928924560546875e-5
Excel #1,1,1.0386912822723389
Excel #1,0,3.4332275390625e-5
Excel #1,1,0.96833038330078125
Excel #1,0,1.227855682373047e-4
Excel #1,1,0.931706428527832
Excel #1,0,3.4332275390625e-5
Excel #1,1,1.144124984741211
Excel #1,0,8.130073547363281e-5
Excel #1,1,0.8845870494842529
Excel #1,0,1.251697540283203e-4
Excel #1,1,0.9341509342193604
Excel #1,0,3.62396240234375e-5
Excel #1,1,1.2379179000854492
Excel #1,0,0.00014925003051757813
Excel #1,1,1.5667362213134766
Excel #1,0,3.719329833984375e-5
Excel #1,1,1.1162405014038086
Excel #1,0,0.00012063980102539063
Excel #1,1,0.8381094932556152
Excel #1,0,5.4836273193359375e-5
Excel #1,1,0.9133901596069336
Excel #1,0,4.2438507080078125e-5
Excel #1,1,1.2432751655578613
Excel #1,0,4.696846008300781e-5
Excel #1,1,0.8894393444061279
Excel #1,0,6.175041198730469e-5
Excel #1,1,1.0298879146575928
Excel #1,0,2.3365020751953125e-5
Excel #1,1,1.1289987564086914
Excel #1,0,0.00010347366333007813
Excel #1,1,1.2675724029541016
Excel #1,0,5.4836273193359375e-5
Excel #1,1,1.1410870552062988
Excel #1,0,6.1511993408203125e-05
Excel #1,1,1.025040864944458
Excel #1,0,5.745887756347656e-5
Excel #1,1,1.1060118675231934
Excel #1,0,3.814697265625e-5
Excel #1,1,0.9238648414611816
Excel #1,0,0.00018548965454101563
Excel #1,1,0.9777023792266846
Excel #1,0,3.647804260253906e-5
Excel #1,1,1.0787181854248047
Excel #1,0,3.528594970703125e-5
Excel #1,1,0.9634387493133545
Excel #1,0,2.5033950805664063e-05
Excel #1,1,1.1400437355041504
Excel #1,0,5.173683166503906e-5
Excel #1,1,1.0038034915924072
Excel #1,0,1.087188720703125e-4
Excel #1,1,0.9849996566772461
Excel #1,0,3.0040740966796875e-5
Excel #1,1,0.9452333450317383
Excel #1,0,4.0531158447265625e-5
Excel #1,1,1.0379619598388672
Excel #1,0,2.193450927734375e-5
Excel #1,1,0.8408858776092529
Excel #1,0,4.029273986816406e-5
Excel #1,1,0.9784667491912842
Excel #1,0,4.5299530029296875e-5
Excel #1,1,0.9666433334350586
Excel #1,0,9.2983245849609375e-05
Excel #1,1,1.0092356204986572
Excel #1,0,2.8133392333984375e-5
Excel #1,1,0.8947134017944336
Excel #1,0,5.5789947509765625e-5
Excel #1,1,1.0794174671173096
Excel #1,0,3.2806396484375e-4
Excel #1,1,1.0625107288360596
Excel #1,0,7.271766662597656e-5
Excel #1,1,1.0699846744537354
Excel #1,0,5.841255187988281e-5
Excel #1,1,0.9303839206695557
Excel #1,0,5.8650970458984375e-5
Excel #1,1,0.9897489547729492
Excel #1,0,2.8848648071289063e-05
Excel #1,1,1.1269214153289795
Excel #1,0,0.00013875961303710938
Excel #1,1,1.1555140018463135
Excel #1,0,2.9325485229492188e-05
Excel #1,1,1.0731780529022217
Excel #1,0,1.1515617370605469e-4
Excel #1,1,1.5626425743103027
Excel #1,0,4.1866302490234375e-4
Excel #1,1,1.0216495990753174
Excel #1,0,0.0038797855377197266
Excel #1,1,0.9955458641052246
Excel #1,0,5.3882598876953125e-5
Excel #1,1,1.008471965789795
Excel #1,0,5.8650970458984375e-5
Excel #1,1,0.9478766918182373
Excel #1,0,5.3882598876953125e-5
Excel #1,1,0.8881380558013916
Excel #1,0,8.9168548583984375e-05
Excel #1,1,1.0305230617523193
Excel #1,0,3.790855407714844e-5
Excel #1,1,0.8090136051177979
Excel #1,0,1.9860267639160156e-4
Excel #1,1,0.9936983585357666
Excel #1,0,1.2135505676269531e-4
Excel #1,1,0.8640415668487549
Excel #1,0,1.0704994201660156e-4
Excel #1,1,0.8526792526245117
Excel #1,0,3.5762786865234375e-5
Excel #1,1,0.9986062049865723
Excel #1,0,1.0704994201660156e-4
Excel #1,1,0.9443728923797607
Excel #1,0,4.00543212890625e-5
Excel #1,1,1.5157890319824219
Excel #1,0,2.47955322265625e-5
Excel #1,1,1.05545973777771
Excel #1,0,0.00013589859008789063
Excel #1,1,0.982912540435791
Excel #1,0,9.703636169433594e-5
Excel #1,1,1.104569435119629
Excel #1,0,2.6702880859375e-5
Excel #1,1,1.2491257190704346
Excel #1,0,2.1696090698242188e-05
Excel #1,1,1.0330572128295898
Excel #1,0,4.172325134277344e-5
Excel #1,1,1.2752110958099365
Excel #1,0,2.7894973754882813e-05
Excel #1,1,1.3558409214019775
Excel #1,0,4.677772521972656e-4
Excel #1,1,0.8946008682250977
Excel #1,0,8.845329284667969e-5
Excel #1,1,0.9522254467010498
Excel #1,0,3.609657287597656e-4
Excel #1,1,0.9558148384094238
Excel #1,0,2.574920654296875e-5
Excel #1,1,1.01649808883667
Excel #1,0,1.2087821960449219e-4
Excel #1,1,1.0575001239776611
Excel #1,0,5.435943603515625e-5
Excel #1,1,1.1773655414581299
Excel #1,0,1.125335693359375e-4
Excel #1,1,0.914283275604248
Excel #1,0,2.6988983154296875e-4
Excel #1,1,1.1048951148986816
Excel #1,0,2.09808349609375e-4
Excel #1,1,0.9266026020050049
Excel #1,0,6.031990051269531e-5
Excel #1,1,1.0076477527618408
Excel #1,0,6.1511993408203125e-05
Excel #1,1,0.9799776077270508
Excel #1,0,1.4209747314453125e-4
Excel #1,1,1.0332846641540527
Excel #1,0,4.1961669921875e-5
Excel #1,1,1.0689773559570313
Excel #1,0,5.888938903808594e-5
Excel #1,1,0.9926269054412842
Excel #1,0,0.00023508071899414063
Excel #1,1,1.036729335784912
Excel #1,0,6.29425048828125e-5
Excel #1,1,0.8894801139831543
Excel #1,0,8.1539154052734375e-05
Excel #1,1,0.8551051616668701
Excel #1,0,4.220008850097656e-5
Excel #1,1,1.0714735984802246
Excel #1,0,4.6253204345703125e-5
Excel #1,1,1.4892570972442627
Excel #1,0,7.843971252441406e-5
Excel #1,1,0.8697116374969482
Excel #1,0,5.555152893066406e-5
Excel #1,1,0.9836986064910889
Excel #1,0,2.5033950805664063e-05
Excel #1,1,0.9643998146057129
Excel #1,0,5.91278076171875e-5
Excel #1,1,1.0879371166229248
Excel #1,0,2.6988983154296875e-4
Excel #1,1,1.1292316913604736
Excel #1,0,1.125335693359375e-4
Excel #1,1,1.3038673400878906
Excel #1,0,1.5926361083984375e-4
Excel #1,1,1.4196820259094238
Excel #1,0,7.2479248046875e-5
Excel #1,1,0.989100456237793
Excel #1,0,0.00013017654418945313
Excel #1,1,1.1951563358306885
Excel #1,0,7.0095062255859375e-05
Excel #1,1,2.075601816177368
Excel #1,0,6.699562072753906e-5
Excel #1,1,1.3067371845245361
Excel #1,0,4.076957702636719e-5
Excel #1,1,1.296447992324829
Excel #1,0,5.91278076171875e-5
Excel #1,1,0.9202079772949219
Excel #1,0,8.797645568847656e-5
Excel #1,1,1.2626621723175049
Excel #1,0,8.8214874267578125e-05
Excel #1,1,1.2260684967041016
Excel #1,0,2.47955322265625e-5
Excel #1,1,2.1166741847991943
Excel #1,0,3.886222839355469e-5
Excel #1,1,1.1897153854370117
Excel #1,0,8.9168548583984375e-05
Excel #1,1,1.8000965118408203
Excel #1,0,2.5081634521484375e-4
Excel #1,1,1.2253851890563965
Excel #1,0,0.00018072128295898438
Excel #1,1,1.6416373252868652
Excel #1,0,1.0013580322265625e-4
Excel #1,1,1.0295941829681396
Excel #1,0,3.8623809814453125e-5
Excel #1,1,0.8447635173797607
Excel #1,0,7.2479248046875e-5
Excel #1,1,1.0526444911956787
Excel #1,0,6.198883056640625e-5
Excel #1,1,1.0660836696624756
Excel #1,0,3.910064697265625e-5
Excel #1,1,1.11195707321167
Excel #1,0,1.1134147644042969e-4
Excel #1,1,1.0408852100372314
Excel #1,0,7.343292236328125e-5
Excel #1,1,1.3514299392700195
Excel #1,0,3.24249267578125e-5
Excel #1,1,1.023780345916748
Excel #1,0,5.2928924560546875e-5
Excel #1,1,1.0335285663604736
Excel #1,0,8.797645568847656e-5
Excel #1,1,0.9413619041442871
Excel #1,0,2.231597900390625e-4
Excel #1,1,1.0951592922210693
Excel #1,0,1.1134147644042969e-4
Excel #1,1,1.073598861694336
Excel #1,0,5.6743621826171875e-5
Excel #1,1,1.0082149505615234
Excel #1,0,1.049041748046875e-4
Excel #1,1,1.3545458316802979
Excel #1,0,1.4138221740722656e-4
Excel #1,1,0.9414129257202148
Excel #1,0,4.482269287109375e-5
Excel #1,1,1.5848112106323242
Excel #1,0,8.0585479736328125e-05
Excel #1,1,0.9730207920074463
Excel #1,0,8.797645568847656e-5
Excel #1,1,1.5235786437988281
Excel #1,0,2.13623046875e-4
Excel #1,1,1.2285585403442383
Excel #1,0,5.245208740234375e-5
Excel #1,1,1.0768771171569824
Excel #1,0,8.5353851318359375e-05
Excel #1,1,1.538191318511963
Excel #1,0,4.4345855712890625e-5
Excel #1,1,1.129711627960205
Excel #1,0,0.00015878677368164063
Excel #1,1,1.0267510414123535
Excel #1,0,3.2901763916015625e-5
Excel #1,1,1.0709245204925537
Excel #1,0,3.5762786865234375e-5
Excel #1,1,0.9052793979644775
Excel #1,0,3.5762786865234375e-5
Excel #1,1,0.9801974296569824
Excel #1,0,4.38690185546875e-5
Excel #1,1,1.0443084239959717
Excel #1,0,2.7418136596679688e-05
Excel #1,1,0.9361000061035156
Excel #1,0,3.981590270996094e-5
Excel #1,1,0.8995296955108643
Excel #1,0,1.0275840759277344e-4
Excel #1,1,1.141935110092163
Excel #1,0,3.8623809814453125e-5
Excel #1,1,0.9050545692443848
Excel #1,0,1.270771026611328e-4
Excel #1,1,1.240591287612915
Excel #1,0,3.0040740966796875e-5
Excel #1,1,0.9815049171447754
Excel #1,0,3.409385681152344e-5
Excel #1,1,1.016862154006958
Excel #1,0,3.4332275390625e-5
Excel #1,1,1.0880789756774902
Excel #1,0,8.082389831542969e-5
Excel #1,1,1.1148905754089355
Excel #1,0,3.552436828613281e-5
Excel #1,1,1.059804916381836
Excel #1,0,1.0085105895996094e-4
Excel #1,1,1.389652967453003
Excel #1,0,1.2040138244628906e-4
Excel #1,1,1.0209033489227295
Excel #1,0,1.697540283203125e-4
Excel #1,1,0.8658838272094727
Excel #0,1,1.4180142879486084
Excel #0,0,0.0012102127075195313
Excel #0,1,1.1198129653930664
Excel #0,0,7.6770782470703125e-05
Excel #0,1,0.8361899852752686
Excel #0,0,1.0275840759277344e-4
Excel #0,1,0.9321808815002441
Excel #0,0,7.2002410888671875e-05
Excel #0,1,0.8463897705078125
Excel #0,0,4.973411560058594e-4
Excel #0,1,0.9209504127502441
Excel #0,0,8.702278137207031e-5
Excel #0,1,1.4800052642822266
Excel #0,0,7.271766662597656e-5
Excel #0,1,1.3357188701629639
Excel #0,0,1.087188720703125e-4
Excel #0,1,1.323195219039917
Excel #0,0,7.62939453125e-5
Excel #0,1,0.8749399185180664
Excel #0,0,3.814697265625e-5
Excel #0,1,0.9992785453796387
Excel #0,0,3.7670135498046875e-5
Excel #0,1,0.8828070163726807
Excel #0,0,5.838871002197266e-4
Excel #0,1,1.0894601345062256
Excel #0,0,5.793571472167969e-5
Excel #0,1,0.8138666152954102
Excel #0,0,8.869171142578125e-5
Excel #0,1,0.7609200477600098
Excel #0,0,7.319450378417969e-5
Excel #0,1,0.771958589553833
Excel #0,0,0.00019598007202148438
Excel #0,1,0.8551161289215088
Excel #0,0,8.273124694824219e-5
Excel #0,1,1.0576281547546387
Excel #0,0,9.2029571533203125e-05
Excel #0,1,0.8676126003265381
Excel #0,0,7.557868957519531e-5
Excel #0,1,1.0194096565246582
Excel #0,0,6.508827209472656e-5
Excel #0,1,0.9968624114990234
Excel #0,0,4.935264587402344e-5
Excel #0,1,1.0701284408569336
Excel #0,0,4.9114227294921875e-5
Excel #0,1,0.9082369804382324
Excel #0,0,4.863739013671875e-5
Excel #0,1,0.9999148845672607
Excel #0,0,1.5282630920410156e-4
Excel #0,1,0.9489495754241943
Excel #0,0,4.649162292480469e-5
Excel #0,1,1.084676742553711
Excel #0,0,4.7206878662109375e-5
Excel #0,1,0.9282581806182861
Excel #0,0,6.031990051269531e-5
Excel #0,1,0.8445038795471191
Excel #0,0,7.462501525878906e-5
Excel #0,1,0.8332116603851318
Excel #0,0,9.7751617431640625e-05
Excel #0,1,0.9424571990966797
Excel #0,0,4.863739013671875e-5
Excel #0,1,1.103684425354004
Excel #0,0,9.632110595703125e-5
Excel #0,1,0.8263297080993652
Excel #0,0,4.9591064453125e-5
Excel #0,1,0.8659563064575195
Excel #0,0,9.7751617431640625e-05
Excel #0,1,0.8873023986816406
Excel #0,0,0.00012159347534179688
Excel #0,1,0.8638949394226074
Excel #0,0,2.834796905517578e-4
Excel #0,1,0.9915893077850342
Excel #0,0,1.3637542724609375e-4
Excel #0,1,0.8176393508911133
Excel #0,0,4.0531158447265625e-5
Excel #0,1,1.1000652313232422
Excel #0,0,4.0531158447265625e-5
Excel #0,1,0.8494150638580322
Excel #0,0,4.744529724121094e-5
Excel #0,1,1.141098976135254
Excel #0,0,6.1511993408203125e-05
Excel #0,1,0.8550171852111816
Excel #0,0,3.719329833984375e-5
Excel #0,1,0.8240938186645508
Excel #0,0,0.00016927719116210938
Excel #0,1,1.0723538398742676
Excel #0,0,3.719329833984375e-5
Excel #0,1,0.8035106658935547
Excel #0,0,4.1484832763671875e-5
Excel #0,1,0.7753901481628418
Excel #0,0,4.6253204345703125e-5
Excel #0,1,0.8624053001403809
Excel #0,0,0.00011014938354492188
Excel #0,1,0.9655756950378418
Excel #0,0,2.9087066650390625e-5
Excel #0,1,0.8575286865234375
Excel #0,0,3.528594970703125e-5
Excel #0,1,0.8203113079071045
Excel #0,0,5.459785461425781e-5
Excel #0,1,1.0503160953521729
Excel #0,0,6.604194641113281e-5
Excel #0,1,1.0981605052947998
Excel #0,0,1.5616416931152344e-4
Excel #0,1,0.8055694103240967
Excel #0,0,4.839897155761719e-5
Excel #0,1,1.0089633464813232
Excel #0,0,6.461143493652344e-5
Excel #0,1,0.8416955471038818
Excel #0,0,2.033710479736328e-4
Excel #0,1,0.9019565582275391
Excel #0,0,4.38690185546875e-5
Excel #0,1,0.9412240982055664
Excel #0,0,0.00017213821411132813
Excel #0,1,0.9915919303894043
Excel #0,0,4.00543212890625e-5
Excel #0,1,0.9894938468933105
Excel #0,0,3.8623809814453125e-5
Excel #0,1,1.1056790351867676
Excel #0,0,3.695487976074219e-5
Excel #0,1,0.9308140277862549
Excel #0,0,3.719329833984375e-5
Excel #0,1,1.0029079914093018
Excel #0,0,4.00543212890625e-5
Excel #0,1,0.9865305423736572
Excel #0,0,3.7670135498046875e-5
Excel #0,1,1.0266797542572021
Excel #0,0,3.886222839355469e-5
Excel #0,1,0.7842743396759033
Excel #0,0,3.695487976074219e-5
Excel #0,1,0.9494194984436035
Excel #0,0,5.316734313964844e-5
Excel #0,1,0.7931373119354248
Excel #0,0,8.96453857421875e-5
Excel #0,1,1.021836757659912
Excel #0,0,3.600120544433594e-5
Excel #0,1,0.7683651447296143
Excel #0,0,1.2683868408203125e-4
Excel #0,1,0.88623809814453125
Excel #0,0,3.8623809814453125e-5
Excel #0,1,0.915250301361084
Excel #0,0,2.2649765014648438e-05
Excel #0,1,0.942023515701294
Excel #0,0,3.123283386230469e-5
Excel #0,1,1.003338098526001
Excel #0,0,6.2465667724609375e-05
Excel #0,1,0.8108687400817871
Excel #0,0,6.4373016357421875e-05
Excel #0,1,1.1339316368103027
Excel #0,0,9.250640869140625e-5
Excel #0,1,0.8142073154449463
Excel #0,0,4.029273986816406e-5
Excel #0,1,1.1437935829162598
Excel #0,0,2.5272369384765625e-5
Excel #0,1,0.9699790477752686
Excel #0,0,3.457069396972656e-5
Excel #0,1,0.7599091529846191
Excel #0,0,3.9577484130859375e-5
Excel #0,1,1.0910696983337402
Excel #0,0,0.00010156631469726563
Excel #0,1,0.8094613552093506
Excel #0,0,3.743171691894531e-5
Excel #0,1,1.2353191375732422
Excel #0,0,8.273124694824219e-5
Excel #0,1,0.7694005966186523
Excel #0,0,4.363059997558594e-5
Excel #0,1,1.106811285018921
Excel #0,0,2.8371810913085938e-05
Excel #0,1,0.8758044242858887
Excel #0,0,3.8623809814453125e-5
Excel #0,1,1.0229063034057617
Excel #0,0,2.2411346435546875e-5
Excel #0,1,0.7448110580444336
Excel #0,0,1.5997886657714844e-4
Excel #0,1,0.8016693592071533
Excel #0,0,9.4890594482421875e-05
Excel #0,1,0.9310240745544434
Excel #0,0,3.838539123535156e-5
Excel #0,1,1.066681146621704
Excel #0,0,3.838539123535156e-5
Excel #0,1,0.9357025623321533
Excel #0,0,3.790855407714844e-5
Excel #0,1,0.8358421325683594
Excel #0,0,3.6716461181640625e-5
Excel #0,1,1.1278016567230225
Excel #0,0,3.3855438232421875e-5
Excel #0,1,0.7682328224182129
Excel #0,0,4.00543212890625e-5
Excel #0,1,0.8038673400878906
Excel #0,0,3.814697265625e-5
Excel #0,1,0.7987072467803955
Excel #0,0,6.961822509765625e-5
Excel #0,1,0.7781598567962646
Excel #0,0,3.4332275390625e-5
Excel #0,1,1.0540871620178223
Excel #0,0,1.8405914306640625e-4
Excel #0,1,0.9154067039489746
Excel #0,0,3.4809112548828125e-5
Excel #0,1,0.9982187747955322
Excel #0,0,3.790855407714844e-5
Excel #0,1,0.8696293830871582
Excel #0,0,5.3882598876953125e-5
Excel #0,1,1.0268893241882324
Excel #0,0,5.245208740234375e-5
Excel #0,1,0.8115115165710449
Excel #0,0,3.6716461181640625e-5
Excel #0,1,0.9428160190582275
Excel #0,0,3.600120544433594e-5
Excel #0,1,0.8444108963012695
Excel #0,0,3.6716461181640625e-5
Excel #0,1,1.0898547172546387
Excel #0,0,3.7670135498046875e-5
Excel #0,1,0.7766914367675781
Excel #0,0,3.600120544433594e-5
Excel #0,1,1.0982334613800049
Excel #0,0,3.981590270996094e-5
Excel #0,1,0.8083374500274658
Excel #0,0,4.4345855712890625e-5
Excel #0,1,0.9101831912994385
Excel #0,0,4.076957702636719e-5
Excel #0,1,1.025148868560791
Excel #0,0,2.86102294921875e-5
Excel #0,1,1.0772089958190918
Excel #0,0,4.076957702636719e-5
Excel #0,1,0.8301105499267578
Excel #0,0,3.910064697265625e-5
Excel #0,1,0.7848896980285645
Excel #0,0,4.124641418457031e-5
Excel #0,1,0.8860526084899902
Excel #0,0,2.4557113647460938e-05
Excel #0,1,0.8474910259246826
Excel #0,0,6.008148193359375e-5
Excel #0,1,1.132927417755127
Excel #0,0,4.1961669921875e-5
Excel #0,1,0.8065850734710693
Excel #0,0,3.790855407714844e-5
Excel #0,1,1.0644562244415283
Excel #0,0,1.0228157043457031e-4
Excel #0,1,0.8024606704711914
Excel #0,0,2.5272369384765625e-4
Excel #0,1,1.1346657276153564
Excel #0,0,2.8133392333984375e-5
Excel #0,1,0.882028341293335
Excel #0,0,6.008148193359375e-5
Excel #0,1,1.2077608108520508
Excel #0,0,2.3365020751953125e-5
Excel #0,1,0.8757216930389404
Excel #0,0,2.4008750915527344e-4
Excel #0,1,0.7726302146911621
Excel #0,0,8.6307525634765625e-05
Excel #0,1,1.2681279182434082
Excel #0,0,7.7724456787109375e-05
Excel #0,1,0.9454553127288818
Excel #0,0,1.0180473327636719e-4
Excel #0,1,0.7877490520477295
Excel #0,0,3.314018249511719e-5
Excel #0,1,0.866161584854126
Excel #0,0,3.933906555175781e-5
Excel #0,1,0.8898277282714844
Excel #0,0,8.320808410644531e-5
Excel #0,1,0.8129205703735352
Excel #0,0,4.601478576660156e-5
Excel #0,1,0.9071342945098877
Excel #0,0,4.458427429199219e-5
Excel #0,1,0.9588785171508789
Excel #0,0,3.814697265625e-5
Excel #0,1,1.0236082077026367
Excel #0,0,4.1484832763671875e-5
Excel #0,1,0.7871882915496826
Excel #0,0,3.62396240234375e-5
Excel #0,1,0.8828399181365967
Excel #0,0,4.172325134277344e-5
Excel #0,1,0.9159548282623291
Excel #0,0,3.814697265625e-5
Excel #0,1,0.8681244850158691
Excel #0,0,4.1961669921875e-5
Excel #0,1,0.9282047748565674
Excel #0,0,4.553794860839844e-5
Excel #0,1,0.82030487060546875
Excel #0,0,2.377033233642578e-4
Excel #0,1,0.8518526554107666
Excel #0,0,1.251697540283203e-4
Excel #0,1,0.8174152374267578
Excel #0,0,6.604194641113281e-5
Excel #0,1,1.1111259460449219
Excel #0,0,2.5033950805664063e-05
Excel #0,1,0.728337287902832
Excel #0,0,6.175041198730469e-5
Excel #0,1,1.052901268005371
Excel #0,0,1.02996826171875e-4
Excel #0,1,0.9541537761688232
Excel #0,0,6.198883056640625e-5
Excel #0,1,1.0174756050109863
Excel #0,0,5.173683166503906e-5
Excel #0,1,0.8983216285705566
Excel #0,0,0.00013017654418945313
Excel #0,1,1.0911705493927002
Excel #0,0,3.8623809814453125e-5
Excel #0,1,1.0189507007598877
Excel #0,0,3.62396240234375e-5
Excel #0,1,0.8766336441040039
Excel #0,0,6.263256072998047e-4
Excel #0,1,0.97760772705078125
Excel #0,0,3.600120544433594e-5
Excel #0,1,0.792421817779541
Excel #0,0,2.193450927734375e-5
Excel #0,1,1.080381155014038
Excel #0,0,1.0752677917480469e-4
Excel #0,1,0.8631563186645508
Excel #0,0,1.1348724365234375e-4
Excel #0,1,1.014338493347168
Excel #0,0,5.054473876953125e-5
Excel #0,1,0.7593865394592285
Excel #0,0,1.361370086669922e-4
Excel #0,1,0.744605302810669
Excel #0,0,2.4056434631347656e-4
Excel #0,1,0.9630372524261475
Excel #0,0,8.2492828369140625e-05
Excel #0,1,0.8812837600708008
Excel #0,0,4.4035911560058594e-4
Excel #0,1,1.059384822845459
Excel #0,0,3.743171691894531e-5
Excel #0,1,0.7781815528869629
Excel #0,0,5.817413330078125e-5
Excel #0,1,0.8072946071624756
Excel #0,0,4.0531158447265625e-5
Excel #0,1,0.9908483028411865
Excel #0,0,2.3365020751953125e-5
Excel #0,1,0.950298547744751
Excel #0,0,4.887580871582031e-5
Excel #0,1,0.9798903465270996
Excel #0,0,3.4332275390625e-5
Excel #0,1,0.900773286819458
Excel #0,0,3.7670135498046875e-5
Excel #0,1,1.0105252265930176
Excel #0,0,5.221366882324219e-5
Excel #0,1,0.7976489067077637
Excel #0,0,0.00011396408081054688
Excel #0,1,1.2191190719604492
Excel #0,0,3.4332275390625e-5
Excel #0,1,0.818164587020874
Excel #0,0,4.267692565917969e-5
Excel #0,1,0.9972400665283203
Excel #0,0,3.910064697265625e-5
Excel #0,1,0.8732235431671143
Excel #0,0,5.698204040527344e-5
Excel #0,1,0.954226016998291
Excel #1,1,1.803121566772461
Excel #1,0,8.106231689453125e-5
Excel #1,1,1.3050384521484375
Excel #1,0,0.00010919570922851563
Excel #1,1,1.0572972297668457
Excel #1,0,0.00011014938354492188
Excel #1,1,1.1128616333007813
Excel #1,0,4.5299530029296875e-4
Excel #1,1,1.9007291793823242
Excel #1,0,8.3446502685546875e-05
Excel #1,1,1.8691864013671875
Excel #1,0,6.961822509765625e-5
Excel #1,1,1.5223615169525146
Excel #1,0,4.887580871582031e-5
Excel #1,1,1.2189102172851563
Excel #1,0,3.9577484130859375e-5
Excel #1,1,1.16033935546875
Excel #1,0,4.220008850097656e-5
Excel #1,1,1.0674407482147217
Excel #1,0,1.0323524475097656e-4
Excel #1,1,1.0412940979003906
Excel #1,0,3.9005279541015625e-4
Excel #1,1,1.4191715717315674
Excel #1,0,6.7234039306640625e-05
Excel #1,1,1.0689945220947266
Excel #1,0,8.9168548583984375e-05
Excel #1,1,1.025568962097168
Excel #1,0,4.696846008300781e-5
Excel #1,1,0.9878857135772705
Excel #1,0,0.00015306472778320313
Excel #1,1,1.0095877647399902
Excel #1,0,5.319118499755859e-4
Excel #1,1,1.030447006225586
Excel #1,0,1.366138458251953e-4
Excel #1,1,1.020508050918579
Excel #1,0,5.269050598144531e-5
Excel #1,1,1.016721248626709
Excel #1,0,9.34600830078125e-5
Excel #1,1,0.936854362487793
Excel #1,0,3.0040740966796875e-5
Excel #1,1,1.0186114311218262
Excel #1,0,1.678466796875e-4
Excel #1,1,1.0381560325622559
Excel #1,0,3.62396240234375e-5
Excel #1,1,1.0153203010559082
Excel #1,0,0.00010347366333007813
Excel #1,1,1.1564409732818604
Excel #1,0,1.4662742614746094e-4
Excel #1,1,1.1047677993774414
Excel #1,0,1.323223114013672e-4
Excel #1,1,0.860370397567749
Excel #1,0,2.799034118652344e-4
Excel #1,1,1.0994813442230225
Excel #1,0,1.1229515075683594e-4
Excel #1,1,1.6686506271362305
Excel #1,0,2.384185791015625e-5
Excel #1,1,0.9021501541137695
Excel #1,0,5.5789947509765625e-5
Excel #1,1,0.886969804763794
Excel #1,0,2.6226043701171875e-5
Excel #1,1,1.0365912914276123
Excel #1,0,5.626678466796875e-5
Excel #1,1,0.9127497673034668
Excel #1,0,3.0994415283203125e-5
Excel #1,1,1.1595826148986816
Excel #1,0,3.790855407714844e-5
Excel #1,1,0.9322960376739502
Excel #1,0,2.4318695068359375e-5
Excel #1,1,1.1988565921783447
Excel #1,0,3.6716461181640625e-5
Excel #1,1,0.9360625743865967
Excel #1,0,5.984306335449219e-5
Excel #1,1,1.015923023223877
Excel #1,0,2.7179718017578125e-5
Excel #1,1,1.15199875831604
Excel #1,0,0.00011205673217773438
Excel #1,1,1.0611183643341064
Excel #1,0,8.320808410644531e-5
Excel #1,1,1.039445400238037
Excel #1,0,2.5272369384765625e-4
Excel #1,1,1.2899880409240723
Excel #1,0,5.7220458984375e-5
Excel #1,1,1.1738340854644775
Excel #1,0,3.886222839355469e-5
Excel #1,1,0.9802870750427246
Excel #1,0,4.00543212890625e-5
Excel #1,1,0.960686206817627
Excel #1,0,0.00023317337036132813
Excel #1,1,0.910222053527832
Excel #1,0,1.1539459228515625e-4
Excel #1,1,0.9272470474243164
Excel #1,0,5.125999450683594e-5
Excel #1,1,0.903461217880249
Excel #1,0,3.24249267578125e-5
Excel #1,1,0.9946494102478027
Excel #1,0,5.817413330078125e-5
Excel #1,1,0.970522403717041
Excel #1,0,1.1277198791503906e-4
Excel #1,1,1.2133574485778809
Excel #1,0,1.7380714416503906e-4
Excel #1,1,1.0319552421569824
Excel #1,0,2.2411346435546875e-5
Excel #1,1,0.9697678089141846
Excel #1,0,6.747245788574219e-5
Excel #1,1,1.0469388961791992
Excel #1,0,2.3365020751953125e-5
Excel #1,1,1.010615348815918
Excel #1,0,5.7220458984375e-5
Excel #1,1,1.0111708641052246
Excel #1,0,3.2901763916015625e-5
Excel #1,1,0.895470380783081
Excel #1,0,3.62396240234375e-5
Excel #1,1,0.9758365154266357
Excel #1,0,3.0994415283203125e-5
Excel #1,1,1.0510921478271484
Excel #1,0,6.5326690673828125e-05
Excel #1,1,1.0624210834503174
Excel #1,0,9.465217590332031e-5
Excel #1,1,1.6056973934173584
Excel #1,0,1.2755393981933594e-4
Excel #1,1,1.023115634918213
Excel #1,0,6.67572021484375e-5
Excel #1,1,0.9366002082824707
Excel #1,0,6.7234039306640625e-05
Excel #1,1,0.95925140380859375
Excel #1,0,9.5844268798828125e-05
Excel #1,1,0.912050724029541
Excel #1,0,2.570152282714844e-4
Excel #1,1,1.0370383262634277
Excel #1,0,1.423358917236328e-4
Excel #1,1,0.9462919235229492
Excel #1,0,2.543926239013672e-4
Excel #1,1,0.9494972229003906
Excel #1,0,5.078315734863281e-5
Excel #1,1,1.0223934650421143
Excel #1,0,5.435943603515625e-5
Excel #1,1,0.9642066955566406
Excel #1,0,0.00022745132446289063
Excel #1,1,0.9901800155639648
Excel #1,0,4.15802001953125e-4
Excel #1,1,0.8943967819213867
Excel #1,0,4.7206878662109375e-5
Excel #1,1,1.040815830230713
Excel #1,0,0.0012869834899902344
Excel #1,1,0.8839788436889648
Excel #1,0,7.2002410888671875e-05
Excel #1,1,1.0046286582946777
Excel #1,0,2.25067138671875e-4
Excel #1,1,0.7552845478057861
Excel #1,0,9.274482727050781e-5
Excel #1,1,0.9468646049499512
Excel #1,0,3.814697265625e-5
Excel #1,1,1.3087449073791504
Excel #1,0,6.508827209472656e-5
Excel #1,1,1.0175635814666748
Excel #1,0,1.0037422180175781e-4
Excel #1,1,1.0729527473449707
Excel #1,0,4.2438507080078125e-5
Excel #1,1,1.218013048171997
Excel #1,0,6.4849853515625e-5
Excel #1,1,0.952096700668335
Excel #1,0,2.5081634521484375e-4
Excel #1,1,1.0754759311676025
Excel #1,0,3.0994415283203125e-5
Excel #1,1,1.5615077018737793
Excel #1,0,1.1730194091796875e-4
Excel #1,1,1.068343162536621
Excel #1,0,3.9577484130859375e-5
Excel #1,1,0.912724494934082
Excel #1,0,2.5510787963867188e-05
Excel #1,1,1.0689585208892822
Excel #1,0,5.245208740234375e-5
Excel #1,1,1.0595378875732422
Excel #1,0,0.00011301040649414063
Excel #1,1,0.8763959407806396
Excel #1,0,8.893013000488281e-5
Excel #1,1,0.9618721008300781
Excel #1,0,3.7670135498046875e-5
Excel #1,1,0.8899352550506592
Excel #1,0,9.322166442871094e-5
Excel #1,1,1.0715839862823486
Excel #1,0,3.886222839355469e-5
Excel #1,1,1.0396497249603271
Excel #1,0,0.0012879371643066406
Excel #1,1,1.054744005203247
Excel #1,0,2.384185791015625e-4
Excel #1,1,0.9669208526611328
Excel #1,0,4.1961669921875e-5
Excel #1,1,0.9856371879577637
Excel #1,0,0.00011301040649414063
Excel #1,1,0.9090862274169922
Excel #1,0,8.0585479736328125e-05
Excel #1,1,0.9863176345825195
Excel #1,0,1.266002655029297e-4
Excel #1,1,0.8660476207733154
Excel #1,0,6.222724914550781e-5
Excel #1,1,1.081111192703247
Excel #1,0,5.7220458984375e-5
Excel #1,1,1.5546488761901855
Excel #1,0,3.695487976074219e-5
Excel #1,1,0.9897019863128662
Excel #1,0,7.7724456787109375e-05
Excel #1,1,0.9748439788818359
Excel #1,0,4.8160552978515625e-5
Excel #1,1,1.0472009181976318
Excel #1,0,9.751319885253906e-5
Excel #1,1,0.9151115417480469
Excel #1,0,4.1484832763671875e-5
Excel #1,1,0.9721016883850098
Excel #1,0,7.43865966796875e-5
Excel #1,1,0.9028522968292236
Excel #1,0,6.937980651855469e-5
Excel #1,1,1.2055165767669678
Excel #1,0,9.8705291748046875e-05
Excel #1,1,0.9585721492767334
Excel #1,0,8.487701416015625e-5
Excel #1,1,0.9002866744995117
Excel #1,0,3.2901763916015625e-5
Excel #1,1,0.9239048957824707
Excel #1,0,1.2946128845214844e-4
Excel #1,1,1.06070876121521
Excel #1,0,2.78472900390625e-4
Excel #1,1,0.9961156845092773
Excel #1,0,4.0531158447265625e-5
Excel #1,1,1.0243949890136719
Excel #1,0,8.4400177001953125e-05
Excel #1,1,1.5118775367736816
Excel #1,0,2.1219253540039063e-05
Excel #1,1,0.9827830791473389
Excel #1,0,1.6021728515625e-4
Excel #1,1,0.9948322772979736
Excel #1,0,2.6464462280273438e-05
Excel #1,1,1.1096138954162598
Excel #1,0,3.7670135498046875e-5
Excel #1,1,0.9811317920684814
Excel #1,0,2.6702880859375e-5
Excel #1,1,0.8336219787597656
Excel #1,0,3.695487976074219e-5
Excel #1,1,0.8852510452270508
Excel #1,0,3.62396240234375e-5
Excel #1,1,1.1604692935943604
Excel #1,0,1.5425682067871094e-4
Excel #1,1,1.383190393447876
Excel #1,0,6.525516510009766e-4
Excel #1,1,1.3894343376159668
Excel #1,0,2.7179718017578125e-4
Excel #1,1,0.9510838985443115
Excel #1,0,9.2029571533203125e-05
Excel #1,1,0.865706205368042
Excel #1,0,2.3174285888671875e-4
Excel #1,1,1.104931354522705
Excel #1,0,4.100799560546875e-5
Excel #1,1,0.843804121017456
Excel #1,0,8.3446502685546875e-05
Excel #1,1,1.0320556163787842
Excel #1,0,9.789466857910156e-4
Excel #1,1,0.9992389678955078
Excel #1,0,7.8678131103515625e-05
Excel #1,1,1.088040828704834
Excel #1,0,5.7697296142578125e-5
Excel #1,1,1.1776986122131348
Excel #1,0,2.7894973754882813e-05
Excel #1,1,1.1888096332550049
Excel #1,0,2.8133392333984375e-5
Excel #1,1,0.9849734306335449
Excel #1,0,3.7670135498046875e-5
Excel #1,1,0.9608712196350098
Excel #1,0,2.6226043701171875e-5
Excel #1,1,1.023531436920166
Excel #1,0,9.1552734375e-5
Excel #1,1,1.0585527420043945
Excel #1,0,4.291534423828125e-5
Excel #1,1,0.88191986083984375
Excel #1,0,6.198883056640625e-5
Excel #1,1,0.9488403797149658
Excel #1,0,2.8848648071289063e-05
Excel #1,1,1.3694324493408203
Excel #1,0,4.00543212890625e-5
Excel #1,1,1.1489081382751465
Excel #1,0,9.512901306152344e-5
Excel #1,1,1.0150530338287354
Excel #1,0,1.049041748046875e-4
Excel #1,1,0.9534120559692383
Excel #1,0,0.00021219253540039063
Excel #1,1,1.5262393951416016
Excel #1,0,7.2956085205078125e-05
Excel #1,1,1.0374674797058105
Excel #1,0,9.34600830078125e-5
Excel #1,1,0.9899706840515137
Excel #1,0,8.8214874267578125e-05
Excel #1,1,1.0503182411193848
Excel #1,0,4.458427429199219e-5
Excel #1,1,0.8127634525299072
Excel #1,0,9.250640869140625e-5
Excel #1,1,1.0872364044189453
Excel #1,0,0.00012445449829101563
Excel #1,1,0.954596996307373
Excel #1,0,2.980232238769531e-4
Excel #1,1,1.0948233604431152
Excel #1,0,8.8214874267578125e-05
Excel #1,1,0.8381924629211426
Excel #1,0,8.9168548583984375e-05
Excel #1,1,0.8764133453369141
Excel #1,0,3.218650817871094e-5
Excel #1,1,0.9404845237731934
Excel #0,1,1.1856846809387207
Excel #0,0,0.0027484893798828125
Excel #0,1,1.037926197052002
Excel #0,0,4.553794860839844e-5
Excel #0,1,1.095127820968628
Excel #0,0,1.4591217041015625e-4
Excel #0,1,0.9903559684753418
Excel #0,0,9.341239929199219e-4
Excel #0,1,0.9128313064575195
Excel #0,0,9.918212890625e-5
Excel #0,1,1.6584930419921875
Excel #0,0,0.029755353927612305
Excel #0,1,0.8840596675872803
Excel #0,0,6.8187713623046875e-05
Excel #0,1,0.776362419128418
Excel #0,0,4.2438507080078125e-5
Excel #0,1,0.8913383483886719
Excel #0,0,7.534027099609375e-5
Excel #0,1,0.936854362487793
Excel #0,0,3.094673156738281e-4
Excel #0,1,0.9940028190612793
Excel #0,0,7.939338684082031e-5
Excel #0,1,0.8910837173461914
Excel #0,0,2.167224884033203e-4
Excel #0,1,1.1916277408599854
Excel #0,0,7.081031799316406e-5
Excel #0,1,0.8262856006622314
Excel #0,0,2.5153160095214844e-4
Excel #0,1,0.7049493789672852
Excel #0,0,7.176399230957031e-5
Excel #0,1,0.9148163795471191
Excel #0,0,9.5844268798828125e-05
Excel #0,1,0.8807528018951416
Excel #0,0,2.856254577636719e-4
Excel #0,1,0.85951828956604
Excel #0,0,1.595020294189453e-4
Excel #0,1,0.9567873477935791
Excel #0,0,7.081031799316406e-5
Excel #0,1,1.0593130588531494
Excel #0,0,1.2135505676269531e-4
Excel #0,1,0.8788566589355469
Excel #0,0,5.173683166503906e-5
Excel #0,1,0.7754995822906494
Excel #0,0,1.201629638671875e-4
Excel #0,1,1.0268511772155762
Excel #0,0,7.128715515136719e-5
Excel #0,1,0.8025522232055664
Excel #0,0,6.8187713623046875e-05
Excel #0,1,0.9324581623077393
Excel #0,0,6.103515625e-5
Excel #0,1,0.8959846496582031
Excel #0,0,3.266334533691406e-5
Excel #0,1,0.7914903163909912
Excel #0,0,0.00015592575073242188
Excel #0,1,1.2405071258544922
Excel #0,0,3.0040740966796875e-5
Excel #0,1,0.8180446624755859
Excel #0,0,7.4863433837890625e-05
Excel #0,1,1.1973381042480469
Excel #0,0,3.0994415283203125e-5
Excel #0,1,0.8291120529174805
Excel #0,0,5.53131103515625e-5
Excel #0,1,1.056699275970459
Excel #0,0,6.1511993408203125e-05
Excel #0,1,0.8859231472015381
Excel #0,0,7.748603820800781e-5
Excel #0,1,1.2884693145751953
Excel #0,0,3.719329833984375e-5
Excel #0,1,0.9022023677825928
Excel #0,0,3.9577484130859375e-5
Excel #0,1,0.8121449947357178
Excel #0,0,3.7670135498046875e-5
Excel #0,1,0.9303436279296875
Excel #0,0,4.1484832763671875e-5
Excel #0,1,1.0942206382751465
Excel #0,0,4.3392181396484375e-5
Excel #0,1,0.87082672119140625
Excel #0,0,0.00012159347534179688
Excel #0,1,1.0716166496276855
Excel #0,0,3.3855438232421875e-5
Excel #0,1,1.0846590995788574
Excel #0,0,2.9802322387695313e-05
Excel #0,1,0.7336316108703613
Excel #0,0,3.743171691894531e-5
Excel #0,1,0.9867186546325684
Excel #0,0,2.765655517578125e-5
Excel #0,1,0.8957300186157227
Excel #0,0,3.528594970703125e-5
Excel #0,1,0.9295930862426758
Excel #0,0,0.00011682510375976563
Excel #0,1,0.8738431930541992
Excel #0,0,4.00543212890625e-5
Excel #0,1,1.0241854190826416
Excel #0,0,5.5789947509765625e-5
Excel #0,1,0.9901878833770752
Excel #0,0,3.9577484130859375e-5
Excel #0,1,1.1386663913726807
Excel #0,0,6.3419342041015625e-05
Excel #0,1,0.850576639175415
Excel #0,0,4.38690185546875e-5
Excel #0,1,1.104410171508789
Excel #0,0,2.09808349609375e-5
Excel #0,1,0.77748870849609375
Excel #0,0,4.2438507080078125e-5
Excel #0,1,1.0249881744384766
Excel #0,0,0.00011205673217773438
Excel #0,1,0.9482359886169434
Excel #0,0,4.0531158447265625e-5
Excel #0,1,1.276536464691162
Excel #0,0,4.291534423828125e-5
Excel #0,1,0.9030048847198486
Excel #0,0,3.7670135498046875e-5
Excel #0,1,1.160506010055542
Excel #0,0,1.9311904907226563e-05
Excel #0,1,1.0735771656036377
Excel #0,0,4.863739013671875e-5
Excel #0,1,0.8021945953369141
Excel #0,0,3.9577484130859375e-5
Excel #0,1,1.05802583694458
Excel #0,0,2.384185791015625e-5
Excel #0,1,0.8292226791381836
Excel #0,0,3.6716461181640625e-5
Excel #0,1,1.2593812942504883
Excel #0,0,4.5299530029296875e-5
Excel #0,1,0.8237590789794922
Excel #0,0,3.8623809814453125e-5
Excel #0,1,1.1097688674926758
Excel #0,0,2.8371810913085938e-05
Excel #0,1,0.9085144996643066
Excel #0,0,0.001226663589477539
Excel #0,1,0.7267816066741943
Excel #0,0,3.933906555175781e-5
Excel #0,1,0.9767370223999023
Excel #0,0,1.8405914306640625e-4
Excel #0,1,1.0196113586425781
Excel #0,0,3.719329833984375e-5
Excel #0,1,0.82047438621521
Excel #0,0,1.2040138244628906e-4
Excel #0,1,0.8316781520843506
Excel #0,0,9.751319885253906e-5
Excel #0,1,1.0778183937072754
Excel #0,0,2.574920654296875e-5
Excel #0,1,0.9379620552062988
Excel #0,0,3.1948089599609375e-5
Excel #0,1,0.888883113861084
Excel #0,0,3.0040740966796875e-5
Excel #0,1,1.0103974342346191
Excel #0,0,3.075599670410156e-5
Excel #0,1,0.8455550670623779
Excel #0,0,1.239776611328125e-4
Excel #0,1,0.7936873435974121
Excel #0,0,5.1021575927734375e-5
Excel #0,1,0.9761838912963867
Excel #0,0,3.3855438232421875e-5
Excel #0,1,1.0102355480194092
Excel #0,0,3.4809112548828125e-5
Excel #0,1,0.8647558689117432
Excel #0,0,3.6716461181640625e-5
Excel #0,1,0.87218475341796875
Excel #0,0,3.814697265625e-5
Excel #0,1,0.6779427528381348
Excel #0,0,0.00010251998901367188
Excel #0,1,0.7607986927032471
Excel #0,0,9.083747863769531e-5
Excel #0,1,0.8681745529174805
Excel #0,0,1.8358230590820313e-05
Excel #0,1,0.850816011428833
Excel #0,0,3.5762786865234375e-5
Excel #0,1,0.8687689304351807
Excel #0,0,4.935264587402344e-5
Excel #0,1,0.927448034286499
Excel #0,0,4.649162292480469e-5
Excel #0,1,0.8788108825683594
Excel #0,0,3.9577484130859375e-5
Excel #0,1,1.1978404521942139
Excel #0,0,1.685619354248047e-4
Excel #0,1,0.7994184494018555
Excel #0,0,4.220008850097656e-5
Excel #0,1,1.0073513984680176
Excel #0,0,3.647804260253906e-5
Excel #0,1,0.8619627952575684
Excel #0,0,5.054473876953125e-5
Excel #0,1,0.8821077346801758
Excel #0,0,2.5272369384765625e-5
Excel #0,1,0.8932366371154785
Excel #0,0,3.910064697265625e-5
Excel #0,1,1.0786499977111816
Excel #0,0,3.7670135498046875e-5
Excel #0,1,0.8901607990264893
Excel #0,0,4.363059997558594e-5
Excel #0,1,0.7967007160186768
Excel #0,0,2.2649765014648438e-05
Excel #0,1,1.0481295585632324
Excel #0,0,2.7418136596679688e-05
Excel #0,1,0.8844125270843506
Excel #0,0,3.8623809814453125e-5
Excel #0,1,0.8833808898925781
Excel #0,0,6.961822509765625e-5
Excel #0,1,0.934354305267334
Excel #0,0,3.647804260253906e-5
Excel #0,1,0.9564869403839111
Excel #0,0,1.0585784912109375e-4
Excel #0,1,0.8745064735412598
Excel #0,0,1.4019012451171875e-4
Excel #0,1,0.7876267433166504
Excel #0,0,5.435943603515625e-5
Excel #0,1,0.8131084442138672
Excel #0,0,3.600120544433594e-5
Excel #0,1,0.8856592178344727
Excel #0,0,2.5033950805664063e-05
Excel #0,1,0.8549928665161133
Excel #0,0,0.00019502639770507813
Excel #0,1,1.0946156978607178
Excel #0,0,2.2411346435546875e-5
Excel #0,1,0.9347546100616455
Excel #0,0,3.4332275390625e-5
Excel #0,1,1.1481876373291016
Excel #0,0,2.47955322265625e-5
Excel #0,1,1.005413293838501
Excel #0,0,3.218650817871094e-5
Excel #0,1,0.7069921493530273
Excel #0,0,3.5762786865234375e-5
Excel #0,1,1.0971615314483643
Excel #0,0,2.7894973754882813e-05
Excel #0,1,0.9781041145324707
Excel #0,0,7.3909759521484375e-05
Excel #0,1,0.8971240520477295
Excel #0,0,3.790855407714844e-5
Excel #0,1,1.1664695739746094
Excel #0,0,2.1457672119140625e-5
Excel #0,1,0.8798630237579346
Excel #0,0,3.647804260253906e-5
Excel #0,1,1.1211326122283936
Excel #0,0,2.2649765014648438e-05
Excel #0,1,0.853752613067627
Excel #0,0,4.792213439941406e-5
Excel #0,1,1.0876171588897705
Excel #0,0,3.8623809814453125e-5
Excel #0,1,0.8381795883178711
Excel #0,0,4.076957702636719e-5
Excel #0,1,0.8401744365692139
Excel #0,0,3.528594970703125e-5
Excel #0,1,0.9234724044799805
Excel #0,0,3.8623809814453125e-5
Excel #0,1,0.8269238471984863
Excel #0,0,3.6716461181640625e-5
Excel #0,1,0.9705088138580322
Excel #0,0,3.647804260253906e-5
Excel #0,1,0.9346532821655273
Excel #0,0,3.886222839355469e-5
Excel #0,1,1.1145613193511963
Excel #0,0,3.6716461181640625e-5
Excel #0,1,0.8507857322692871
Excel #0,0,4.363059997558594e-5
Excel #0,1,0.7277443408966064
Excel #0,0,3.6716461181640625e-5
Excel #0,1,0.8156208992004395
Excel #0,0,3.4332275390625e-5
Excel #0,1,0.9668474197387695
Excel #0,0,6.008148193359375e-5
Excel #0,1,0.9922580718994141
Excel #0,0,9.822845458984375e-5
Excel #0,1,0.7734293937683105
Excel #0,0,5.435943603515625e-5
Excel #0,1,0.7859764099121094
Excel #0,0,1.1372566223144531e-4
Excel #0,1,0.9457871913909912
Excel #0,0,4.5299530029296875e-5
Excel #0,1,1.0931017398834229
Excel #0,0,2.6702880859375e-5
Excel #0,1,0.7775471210479736
Excel #0,0,3.5762786865234375e-5
Excel #0,1,0.8789918422698975
Excel #0,0,2.009868621826172e-4
Excel #0,1,1.2860865592956543
Excel #0,0,3.24249267578125e-5
Excel #0,1,0.8100094795227051
Excel #0,0,4.792213439941406e-5
Excel #0,1,0.8487231731414795
Excel #0,0,1.270771026611328e-4
Excel #0,1,1.0382213592529297
Excel #0,0,4.839897155761719e-5
Excel #0,1,1.1078529357910156
Excel #0,0,3.9577484130859375e-5
Excel #0,1,0.9774155616760254
Excel #0,0,3.838539123535156e-5
Excel #0,1,1.210895299911499
Excel #0,0,3.910064697265625e-5
Excel #0,1,1.0551657676696777
Excel #0,0,4.00543212890625e-5
Excel #0,1,0.9866271018981934
Excel #0,0,3.838539123535156e-5
Excel #0,1,1.0706608295440674
Excel #0,0,3.5762786865234375e-5
Excel #0,1,0.9851956367492676
Excel #0,0,3.719329833984375e-5
Excel #0,1,1.0429444313049316
Excel #0,0,3.528594970703125e-5
Excel #0,1,1.0039689540863037
Excel #0,0,5.173683166503906e-5
Excel #0,1,1.0832438468933105
Excel #0,0,0.00010442733764648438
Excel #0,1,0.9481201171875
Excel #0,0,3.7670135498046875e-5
Excel #0,1,1.0984909534454346
Excel #0,0,3.981590270996094e-5
Excel #0,1,0.8717257976531982
Excel #0,0,1.881122589111328e-4
Excel #0,1,1.0241260528564453
Excel #0,0,1.983642578125e-4
Excel #0,1,0.9677267074584961
Excel #0,0,6.861686706542969e-4
Excel #0,1,0.8509464263916016
Excel #0,0,0.00014638900756835938
Excel #0,1,1.2469453811645508
Excel #0,0,5.125999450683594e-5
Excel #0,1,0.9286758899688721
Excel #0,0,3.9577484130859375e-5
Excel #0,1,1.2284607887268066
Excel #0,0,2.2411346435546875e-5
Excel #0,1,0.9035983085632324
Excel #0,0,3.838539123535156e-5
Excel #0,1,1.1634228229522705
Excel #0,0,2.3126602172851563e-05
Excel #0,1,0.892174482345581
Excel #0,0,3.8623809814453125e-5
Excel #0,1,1.1713669300079346
Excel #0,0,1.709461212158203e-4
Excel #0,1,0.8468813896179199
Excel #0,0,4.863739013671875e-5
Excel #0,1,1.1200017929077148
Excel #0,0,3.910064697265625e-5
Excel #0,1,1.024733304977417
Excel #0,0,3.886222839355469e-5
Excel #0,1,1.0523560047149658
Excel #0,0,3.695487976074219e-5
Excel #0,1,0.985468864440918
Excel #0,0,4.7206878662109375e-5
Excel #0,1,1.0671882629394531
Excel #0,0,3.719329833984375e-5
Excel #0,1,0.9118824005126953
Excel #0,0,1.049041748046875e-4
Excel #0,1,0.8059384822845459
Excel #0,0,0.00011873245239257813
Excel #0,1,1.0444190502166748
Excel #0,0,4.0531158447265625e-5
Excel #0,1,0.9399499893188477
Excel #0,0,2.956390380859375e-5
Excel #0,1,1.0381903648376465
Excel #0,0,3.0517578125e-5
Excel #0,1,0.8303775787353516
Excel #0,0,4.100799560546875e-5
Excel #0,1,1.2218403816223145
Excel #0,0,2.7179718017578125e-5
Excel #0,1,1.0317025184631348
Excel #0,0,3.147125244140625e-5
Excel #0,1,0.8723883628845215
Excel #0,0,4.410743713378906e-5
Excel #0,1,1.1665871143341064
Excel #0,0,8.0108642578125e-5
Excel #0,1,0.9909977912902832
Excel #0,0,4.3392181396484375e-5
Excel #0,1,0.9034802913665771
Excel #0,0,0.00010824203491210938
Excel #0,1,1.0960066318511963
Excel #0,0,6.1511993408203125e-05
Excel #0,1,0.9265828132629395
Excel #0,0,2.0241737365722656e-4
Excel #0,1,1.2346775531768799
Excel #0,0,4.8160552978515625e-5
Excel #0,1,0.9947714805603027
Excel #0,0,2.2292137145996094e-4
Excel #0,1,1.081895351409912
Excel #0,0,4.506111145019531e-5
Excel #0,1,1.0174736976623535
Excel #0,0,4.363059997558594e-5
Excel #0,1,1.1935746669769287
Excel #0,0,3.8623809814453125e-5
Excel #0,1,1.0830202102661133
Excel #0,0,4.1484832763671875e-5
Excel #0,1,0.9026823043823242
Excel #0,0,0.00011777877807617188
Excel #0,1,1.0963668823242188
Excel #0,0,3.528594970703125e-5
Excel #0,1,0.8827829360961914
Excel #0,0,3.6716461181640625e-5
Excel #0,1,0.9256844520568848
Excel #0,0,0.00011301040649414063
Excel #0,1,0.8225498199462891
Excel #0,0,4.124641418457031e-5
Excel #0,1,1.1741671562194824
Excel #0,0,2.2649765014648438e-05
Excel #0,1,1.046511173248291
Excel #0,0,3.910064697265625e-5
Excel #0,1,0.7943015098571777
Excel #0,0,7.915496826171875e-5
Excel #0,1,0.7301986217498779
Excel #0,0,4.172325134277344e-5
Excel #0,1,1.098698616027832
Excel #0,0,4.57763671875e-5
Excel #0,1,1.0277390480041504
Excel #0,0,4.0531158447265625e-5
Excel #0,1,0.9396240711212158
Excel #0,0,3.504753112792969e-5
Excel #0,1,1.1362996101379395
Excel #0,0,4.076957702636719e-5
Excel #0,1,1.0136611461639404
Excel #0,0,3.600120544433594e-5
Excel #0,1,1.1612045764923096
Excel #0,0,7.43865966796875e-5
Excel #0,1,1.014699935913086
Excel #0,0,1.068115234375e-4
Excel #0,1,1.2197184562683105
Excel #0,0,4.1484832763671875e-5
Excel #0,1,0.9914188385009766
Excel #0,0,3.838539123535156e-5
Excel #0,1,0.8430354595184326
Excel #0,0,4.38690185546875e-5
Excel #0,1,0.8344244956970215
Excel #0,0,5.5789947509765625e-5
Excel #0,1,1.2366485595703125
Excel #0,0,4.0531158447265625e-5
Excel #0,1,0.7687077522277832
Excel #0,0,3.7670135498046875e-5
Excel #0,1,0.9477090835571289
Excel #0,0,3.6716461181640625e-5
Excel #0,1,0.758347749710083
Excel #0,0,5.125999450683594e-5
Excel #0,1,1.007443904876709
Excel #0,0,3.8623809814453125e-5
Excel #0,1,1.124112606048584
Excel #0,0,3.814697265625e-5
Excel #0,1,0.9319038391113281
Excel #0,0,3.814697265625e-5
Excel #0,1,1.0395312309265137
Excel #0,0,5.125999450683594e-5
Excel #0,1,0.9746150970458984
Excel #0,0,3.790855407714844e-5
Excel #0,1,1.0331883430480957
Excel #0,0,3.814697265625e-5
Excel #0,1,0.9320836067199707
Excel #0,0,3.62396240234375e-5
Excel #0,1,0.94611358642578125
Excel #0,0,3.8623809814453125e-5
Excel #0,1,0.8210959434509277
Excel #0,0,5.340576171875e-5
Excel #0,1,0.9706215858459473
Excel #0,0,7.05718994140625e-5
Excel #0,1,1.1799416542053223
Excel #0,0,3.4809112548828125e-5
Excel #0,1,0.881932258605957
Excel #0,0,4.100799560546875e-5
Excel #0,1,0.8947885036468506
Excel #0,0,3.695487976074219e-5
Excel #0,1,1.026615858078003
Excel #0,0,9.059906005859375e-5
Excel #0,1,1.0570533275604248
Excel #0,0,7.7724456787109375e-05
Excel #0,1,0.9154014587402344
Excel #0,0,2.1076202392578125e-4
Excel #0,1,1.2242693901062012
Excel #0,0,3.0994415283203125e-5
Excel #0,1,0.8119673728942871
Excel #0,0,3.6716461181640625e-5
Excel #0,1,0.8028419017791748
Excel #0,0,1.251697540283203e-4
Excel #0,1,0.9017295837402344
Excel #0,0,3.504753112792969e-5
Excel #0,1,1.0977652072906494
Excel #0,0,4.0531158447265625e-5
Excel #0,1,0.982933521270752
Excel #0,0,3.528594970703125e-5
Excel #0,1,1.1765923500061035
Excel #0,0,3.62396240234375e-5
Excel #0,1,0.9250736236572266
Excel #0,0,3.528594970703125e-5
Excel #0,1,1.1314377784729004
Excel #0,0,5.1021575927734375e-5
Excel #0,1,0.9839138984680176
Excel #0,0,4.2438507080078125e-5
Excel #0,1,1.1054987907409668
Excel #0,0,4.100799560546875e-5
Excel #0,1,0.9312772750854492
Excel #0,0,3.6716461181640625e-5
Excel #0,1,0.9357647895812988
Excel #0,0,4.315376281738281e-5
Excel #0,1,1.4414331912994385
Excel #0,0,3.743171691894531e-5
Excel #0,1,0.8618109226226807
Excel #0,0,3.62396240234375e-5
Excel #0,1,1.1954243183135986
Excel #0,0,3.886222839355469e-5
Excel #0,1,0.7719664573669434
Excel #0,0,4.4536590576171875e-4
Excel #0,1,0.7914407253265381
Excel #0,0,2.6941299438476563e-05
Excel #0,1,1.138629674911499
Excel #0,0,2.6464462280273438e-05
Excel #0,1,0.7064411640167236
Excel #1,1,1.5454144477844238
Excel #1,0,9.059906005859375e-5
Excel #1,1,1.0861716270446777
Excel #1,0,8.296966552734375e-5
Excel #1,1,1.4176664352416992
Excel #1,0,2.288818359375e-4
Excel #1,1,1.0872588157653809
Excel #1,0,8.988380432128906e-5
Excel #1,1,2.0392422676086426
Excel #1,0,7.414817810058594e-5
Excel #1,1,1.2846627235412598
Excel #1,0,7.62939453125e-5
Excel #1,1,1.7627229690551758
Excel #1,0,5.030632019042969e-5
Excel #1,1,1.6712408065795898
Excel #1,0,3.790855407714844e-5
Excel #1,1,1.0873608589172363
Excel #1,0,2.498626708984375e-4
Excel #1,1,1.0998203754425049
Excel #1,0,3.790855407714844e-5
Excel #1,1,1.1754450798034668
Excel #1,0,5.6743621826171875e-5
Excel #1,1,1.6300373077392578
Excel #1,0,8.225440979003906e-5
Excel #1,1,1.2398760318756104
Excel #1,0,5.269050598144531e-5
Excel #1,1,1.001476526260376
Excel #1,0,5.7220458984375e-5
Excel #1,1,1.04901123046875
Excel #1,0,3.9577484130859375e-5
Excel #1,1,1.1210048198699951
Excel #1,0,4.315376281738281e-5
Excel #1,1,0.8799901008605957
Excel #1,0,5.817413330078125e-5
Excel #1,1,1.0485658645629883
Excel #1,0,3.0994415283203125e-5
Excel #1,1,1.6469264030456543
Excel #1,0,1.3828277587890625e-4
Excel #1,1,1.044109582901001
Excel #1,0,1.857280731201172e-4
Excel #1,1,0.9948627948760986
Excel #1,0,3.5834312438964844e-4
Excel #1,1,1.054030418395996
Excel #1,0,4.696846008300781e-5
Excel #1,1,0.8941028118133545
Excel #1,0,9.1075897216796875e-05
Excel #1,1,1.1014842987060547
Excel #1,0,5.435943603515625e-5
Excel #1,1,0.8698368072509766
Excel #1,0,1.9097328186035156e-4
Excel #1,1,1.1003756523132324
Excel #1,0,6.4849853515625e-5
Excel #1,1,0.9390676021575928
Excel #1,0,1.5544891357421875e-4
Excel #1,1,1.1143653392791748
Excel #1,0,4.267692565917969e-5
Excel #1,1,1.699225902557373
Excel #1,0,1.316070556640625e-4
Excel #1,1,0.9987533092498779
Excel #1,0,7.2956085205078125e-05
Excel #1,1,1.0481932163238525
Excel #1,0,1.609325408935547e-4
Excel #1,1,1.0535099506378174
Excel #1,0,6.008148193359375e-5
Excel #1,1,0.9525651931762695
Excel #1,0,3.528594970703125e-5
Excel #1,1,1.1456377506256104
Excel #1,0,1.747608184814453e-4
Excel #1,1,1.133840560913086
Excel #1,0,8.869171142578125e-5
Excel #1,1,1.6205730438232422
Excel #1,0,6.67572021484375e-5
Excel #1,1,0.9443211555480957
Excel #1,0,8.2492828369140625e-05
Excel #1,1,0.9541633129119873
Excel #1,0,3.3855438232421875e-5
Excel #1,1,0.9011304378509521
Excel #1,0,0.00015878677368164063
Excel #1,1,0.9904417991638184
Excel #1,0,5.435943603515625e-5
Excel #1,1,1.0317668914794922
Excel #1,0,5.2928924560546875e-5
Excel #1,1,0.8646514415740967
Excel #1,0,3.933906555175781e-5
Excel #1,1,1.0816283226013184
Excel #1,0,0.00013780593872070313
Excel #1,1,0.869422435760498
Excel #1,0,0.00019693374633789063
Excel #1,1,1.1129677295684814
Excel #1,0,4.887580871582031e-5
Excel #1,1,1.0424208641052246
Excel #1,0,5.030632019042969e-5
Excel #1,1,1.0338428020477295
Excel #1,0,3.695487976074219e-5
Excel #1,1,1.0022566318511963
Excel #1,0,3.299713134765625e-4
Excel #1,1,0.989281177520752
Excel #1,0,4.1484832763671875e-5
Excel #1,1,1.0153193473815918
Excel #1,0,9.1075897216796875e-05
Excel #1,1,0.8788552284240723
Excel #1,0,5.991458892822266e-4
Excel #1,1,0.9980685710906982
Excel #1,0,6.580352783203125e-5
Excel #1,1,0.9768424034118652
Excel #1,0,1.220703125e-4
Excel #1,1,1.066035270690918
Excel #1,0,5.3882598876953125e-5
Excel #1,1,0.9150068759918213
Excel #1,0,0.003287076950073242
Excel #1,1,1.0012760162353516
Excel #1,0,5.841255187988281e-5
Excel #1,1,1.587890863418579
Excel #1,0,2.47955322265625e-5
Excel #1,1,0.8673076629638672
Excel #1,0,4.9591064453125e-5
Excel #1,1,1.0482826232910156
Excel #1,0,2.09808349609375e-5
Excel #1,1,1.454329490661621
Excel #1,0,3.9577484130859375e-5
Excel #1,1,1.0884156227111816
Excel #1,0,8.869171142578125e-5
Excel #1,1,0.9088134765625
Excel #1,0,5.5789947509765625e-5
Excel #1,1,1.0551652908325195
Excel #1,0,0.00023221969604492188
Excel #1,1,1.0885822772979736
Excel #1,0,4.076957702636719e-5
Excel #1,1,1.4377551078796387
Excel #1,0,2.288818359375e-5
Excel #1,1,0.9606983661651611
Excel #1,0,3.647804260253906e-5
Excel #1,1,1.122277021408081
Excel #1,0,2.2172927856445313e-05
Excel #1,1,0.9444975852966309
Excel #1,0,0.00013494491577148438
Excel #1,1,0.9002070426940918
Excel #1,0,8.678436279296875e-5
Excel #1,1,1.2753243446350098
Excel #1,0,2.319812774658203e-4
Excel #1,1,1.102889060974121
Excel #1,0,4.76837158203125e-5
Excel #1,1,1.3623807430267334
Excel #1,0,2.09808349609375e-5
Excel #1,1,1.1586194038391113
Excel #1,0,3.147125244140625e-4
Excel #1,1,1.0300984382629395
Excel #1,0,1.1801719665527344e-4
Excel #1,1,1.0626697540283203
Excel #1,0,2.956390380859375e-5
Excel #1,1,0.9278604984283447
Excel #1,0,5.91278076171875e-5
Excel #1,1,0.9478309154510498
Excel #1,0,1.0085105895996094e-4
Excel #1,1,1.0856642723083496
Excel #1,0,4.6253204345703125e-5
Excel #1,1,0.9352462291717529
Excel #1,0,3.838539123535156e-5
Excel #1,1,0.9653687477111816
Excel #1,0,3.4332275390625e-5
Excel #1,1,1.2061657905578613
Excel #1,0,1.10626220703125e-4
Excel #1,1,1.0747277736663818
Excel #1,0,1.2564659118652344e-4
Excel #1,1,1.0447559356689453
Excel #1,0,3.6716461181640625e-5
Excel #1,1,1.6833815574645996
Excel #1,0,6.771087646484375e-5
Excel #1,1,0.85345458984375
Excel #1,0,3.9577484130859375e-5
Excel #1,1,0.9475116729736328
Excel #1,0,1.8024444580078125e-4
Excel #1,1,1.2333693504333496
Excel #1,0,6.937980651855469e-5
Excel #1,1,1.481987476348877
Excel #1,0,1.533031463623047e-4
Excel #1,1,1.1375527381896973
Excel #1,0,6.29425048828125e-5
Excel #1,1,0.9077210426330566
Excel #1,0,4.5299530029296875e-5
Excel #1,1,1.0268850326538086
Excel #1,0,4.00543212890625e-5
Excel #1,1,0.9872450828552246
Excel #1,0,5.6743621826171875e-5
Excel #1,1,0.9112482070922852
Excel #1,0,6.7234039306640625e-05
Excel #1,1,1.0437164306640625
Excel #1,0,1.010894775390625e-4
Excel #1,1,0.9537677764892578
Excel #1,0,5.7697296142578125e-5
Excel #1,1,1.15315580368042
Excel #1,0,3.337860107421875e-5
Excel #1,1,0.9917933940887451
Excel #1,0,8.988380432128906e-5
Excel #1,1,0.8718585968017578
Excel #1,0,6.3419342041015625e-05
Excel #1,1,1.0505380630493164
Excel #1,0,3.4809112548828125e-5
Excel #1,1,0.9220538139343262
Excel #1,0,9.8705291748046875e-05
Excel #1,1,1.0880284309387207
Excel #1,0,4.100799560546875e-5
Excel #1,1,0.9612576961517334
Excel #1,0,7.224082946777344e-5
Excel #1,1,1.1671905517578125
Excel #1,0,2.956390380859375e-5
Excel #1,1,0.9019935131072998
Excel #1,0,5.316734313964844e-5
Excel #1,1,0.9278135299682617
Excel #1,0,2.8133392333984375e-5
Excel #1,1,0.8870120048522949
Excel #1,0,2.491474151611328e-4
Excel #1,1,1.0215952396392822
Excel #1,0,3.3855438232421875e-5
Excel #1,1,0.9992218017578125
Excel #1,0,7.343292236328125e-5
Excel #1,1,1.1309452056884766
Excel #1,0,2.3126602172851563e-05
Excel #1,1,1.193237066268921
Excel #1,0,3.8909912109375e-4
Excel #1,1,0.8605859279632568
Excel #1,0,3.743171691894531e-5
Excel #1,1,0.9411754608154297
Excel #1,0,0.0014834403991699219
Excel #1,1,1.3449435234069824
Excel #1,0,5.435943603515625e-5
Excel #1,1,1.118929386138916
Excel #1,0,0.00012350082397460938
Excel #1,1,1.0616097450256348
Excel #1,0,4.839897155761719e-5
Excel #1,1,0.8390457630157471
Excel #1,0,0.00023794174194335938
Excel #1,1,1.5369744300842285
Excel #1,0,5.435943603515625e-5
Excel #1,1,1.0134999752044678
Excel #1,0,4.1484832763671875e-5
Excel #1,1,1.0750668048858643
Excel #1,0,3.647804260253906e-5
Excel #1,1,1.4351434707641602
Excel #1,0,3.981590270996094e-5
Excel #1,1,1.074791431427002
Excel #1,0,8.487701416015625e-5
Excel #1,1,1.154926061630249
Excel #1,0,2.5272369384765625e-5
Excel #1,1,1.1286804676055908
Excel #1,0,5.221366882324219e-5
Excel #1,1,1.2296669483184814
Excel #1,0,2.9087066650390625e-5
Excel #1,1,1.5352635383605957
Excel #1,0,3.123283386230469e-5
Excel #1,1,1.226193904876709
Excel #1,0,2.3126602172851563e-05
Excel #1,1,1.0815582275390625
Excel #1,0,5.054473876953125e-5
Excel #1,1,1.0051498413085938
Excel #1,0,8.4400177001953125e-05
Excel #1,1,1.0275440216064453
Excel #1,0,5.91278076171875e-5
Excel #1,1,1.1612534523010254
Excel #1,0,2.6702880859375e-5
Excel #1,1,0.9814867973327637
Excel #1,0,8.58306884765625e-5
Excel #1,1,1.039957046508789
Excel #1,0,2.47955322265625e-5
Excel #1,1,1.0153374671936035
Excel #1,0,5.316734313964844e-5
Excel #1,1,1.1924798488616943
Excel #1,0,1.1324882507324219e-4
Excel #1,1,1.1186892986297607
Excel #1,0,7.724761962890625e-5
Excel #1,1,1.0830881595611572
Excel #1,0,2.377033233642578e-4
Excel #1,1,1.068354845046997
Excel #1,0,3.8623809814453125e-5
Excel #1,1,0.9908115863800049
Excel #1,0,3.795623779296875e-4
Excel #1,1,1.105531930923462
Excel #1,0,4.076957702636719e-5
Excel #1,1,1.0368428230285645
Excel #1,0,2.529621124267578e-4
Excel #1,1,1.1999084949493408
Excel #1,0,0.00020265579223632813
Excel #1,1,0.9810490608215332
Excel #1,0,0.00014829635620117188
Excel #1,1,1.1672329902648926
Excel #1,0,1.1730194091796875e-4
Excel #1,1,1.0711543560028076
Excel #1,0,2.3126602172851563e-05
Excel #1,1,1.161972999572754
Excel #1,0,9.9658966064453125e-05
Excel #1,1,1.1032040119171143
Excel #1,0,2.4557113647460938e-05
Excel #1,1,1.082362174987793
Excel #1,0,8.3446502685546875e-05
Excel #1,1,1.2047486305236816
Excel #1,0,4.863739013671875e-5
Excel #1,1,1.3191781044006348
Excel #1,0,3.24249267578125e-5
Excel #1,1,1.606285572052002
Excel #1,0,5.435943603515625e-5
Excel #1,1,0.9503903388977051
Excel #1,0,4.863739013671875e-5
Excel #1,1,1.0267820358276367
Excel #1,0,6.890296936035156e-5
Excel #1,1,0.882422685623169
Excel #1,0,4.38690185546875e-5
Excel #1,1,1.0871014595031738
Excel #1,0,4.029273986816406e-5
Excel #1,1,1.177170991897583
Excel #1,0,1.1920928955078125e-4
Excel #1,1,1.0294079780578613
Excel #1,0,5.7220458984375e-5
Excel #1,1,1.0256586074829102
Excel #1,0,2.7894973754882813e-05
Excel #1,1,0.9834933280944824
Excel #1,0,3.695487976074219e-5
Excel #1,1,1.034430980682373
Excel #1,0,2.384185791015625e-5
Excel #1,1,1.2504725456237793
Excel #1,0,1.9431114196777344e-4
Excel #1,1,1.0800676345825195
Excel #1,0,1.0371208190917969e-4
Excel #1,1,1.0505928993225098
Excel #1,0,3.8623809814453125e-5
Excel #1,1,1.0771574974060059
Excel #1,0,1.068115234375e-4
Excel #1,1,1.2366876602172852
Excel #1,0,6.1511993408203125e-05
Excel #1,1,1.1250355243682861
Excel #1,0,3.504753112792969e-5
Excel #1,1,1.6446430683135986
Excel #1,0,3.266334533691406e-5
Excel #1,1,1.1621339321136475
Excel #1,0,4.315376281738281e-5
Excel #1,1,1.6437416076660156
Excel #1,0,4.696846008300781e-5
Excel #1,1,1.0543148517608643
Excel #1,0,1.010894775390625e-4
Excel #1,1,0.9118280410766602
Excel #1,0,0.00019025802612304688
Excel #1,1,1.0489535331726074
Excel #1,0,5.1021575927734375e-5
Excel #1,1,0.8648693561553955
Excel #1,0,5.602836608886719e-5
Excel #1,1,1.1662163734436035
Excel #1,0,4.57763671875e-5
Excel #1,1,1.025010108947754
Excel #1,0,6.4849853515625e-5
Excel #1,1,1.1004438400268555
Excel #1,0,0.00017499923706054688
Excel #1,1,1.0278191566467285
Excel #1,0,5.8650970458984375e-5
Excel #1,1,0.9881072044372559
Excel #1,0,1.8715858459472656e-4
Excel #1,1,1.0990469455718994
Excel #1,0,6.6280364990234375e-05
Excel #1,1,0.9954195022583008
Excel #1,0,2.4318695068359375e-5
Excel #1,1,1.160304069519043
Excel #1,0,6.103515625e-5
Excel #1,1,1.0783073902130127
Excel #1,0,2.181529998779297e-4
Excel #1,1,1.233734130859375
Excel #1,0,4.9114227294921875e-5
Excel #1,1,1.3064956665039063
Excel #1,0,3.361701965332031e-5
Excel #1,1,1.0500028133392334
Excel #1,0,9.942054748535156e-5
Excel #1,1,1.2121107578277588
Excel #1,0,3.0517578125e-5
Excel #1,1,1.5505361557006836
Excel #1,0,0.00010251998901367188
Excel #1,1,1.0790519714355469
Excel #1,0,3.9577484130859375e-5
Excel #1,1,1.0474939346313477
Excel #1,0,2.1457672119140625e-5
Excel #1,1,1.0192222595214844
Excel #1,0,4.0531158447265625e-5
Excel #1,1,1.0398194789886475
Excel #1,0,2.9540061950683594e-4
Excel #1,1,1.0061097145080566
Excel #1,0,9.083747863769531e-5
Excel #1,1,1.121476411819458
Excel #1,0,2.446174621582031e-4
Excel #1,1,0.962646484375
Excel #1,0,3.504753112792969e-5
Excel #1,1,1.045332670211792
Excel #1,0,2.4080276489257813e-05
Excel #1,1,1.1094677448272705
Excel #1,0,8.0585479736328125e-05
Excel #1,1,1.0758178234100342
Excel #1,0,3.981590270996094e-5
Excel #1,1,1.1594913005828857
Excel #1,0,2.6702880859375e-5
Excel #1,1,1.683729887008667
Excel #1,0,4.00543212890625e-5
Excel #1,1,1.013840675354004
Excel #1,0,1.4972686767578125e-4
Excel #1,1,1.178530216217041
Excel #1,0,1.6188621520996094e-4
Excel #1,1,0.818866491317749
Excel #1,0,4.291534423828125e-5
Excel #1,1,1.0402727127075195
Excel #1,0,6.0558319091796875e-5
Excel #1,1,1.2123186588287354
Excel #1,0,2.6226043701171875e-5
Excel #1,1,1.0077426433563232
Excel #1,0,3.9577484130859375e-5
Excel #1,1,0.9538259506225586
Excel #1,0,3.8623809814453125e-5
Excel #1,1,1.091395378112793
Excel #1,0,9.5367431640625e-5
Excel #1,1,1.0020291805267334
Excel #1,0,2.2172927856445313e-05
Excel #1,1,1.02437162399292
Excel #1,0,3.371238708496094e-4
Excel #1,1,0.9692409038543701
Excel #1,0,3.600120544433594e-5
Excel #1,1,1.1856145858764648
Excel #1,0,6.031990051269531e-5
Excel #1,1,1.024158239364624
Excel #1,0,4.851818084716797e-4
Excel #1,1,1.2830452919006348
Excel #1,0,3.170967102050781e-5
Excel #1,1,1.2982978820800781
Excel #1,0,4.3392181396484375e-5
Excel #1,1,1.131181001663208
Excel #1,0,2.1266937255859375e-4
Excel #1,1,1.1721484661102295
Excel #1,0,8.392333984375e-5
Excel #1,1,1.1216175556182861
Excel #1,0,0.6604735851287842
Excel #1,1,1.2624742984771729
