data_store_read_idx,data_store_write_idx,evaluation_end,evaluation_start,policy_id,request_submitted,run_uid,session_uid,read_end,read_start,write_end,write_start
0,0,2025-08-15 07:46:45.903318,2025-08-15 07:46:36.228503,P12691363,2025-08-15 07:46:35.897412,40b70255-1c18-488f-821c-492a2835c810,0333c39e-b985-4949-b7b4-a9e20e6f376b,2025-08-15 07:46:36.196089,2025-08-15 07:46:35.954569,2025-08-15 07:47:35.752784,2025-08-15 07:47:35.290444
0,0,2025-08-15 07:46:46.841782,2025-08-15 07:46:36.228499,P05471209,2025-08-15 07:46:35.900495,40b70255-1c18-488f-821c-492a2835c810,0333c39e-b985-4949-b7b4-a9e20e6f376b,2025-08-15 07:46:36.196089,2025-08-15 07:46:35.954569,2025-08-15 07:47:35.752784,2025-08-15 07:47:35.290444
0,0,2025-08-15 07:46:47.033823,2025-08-15 07:46:36.228494,P48688723,2025-08-15 07:46:35.900514,40b70255-1c18-488f-821c-492a2835c810,0333c39e-b985-4949-b7b4-a9e20e6f376b,2025-08-15 07:46:36.196089,2025-08-15 07:46:35.954569,2025-08-15 07:47:35.752784,2025-08-15 07:47:35.290444
0,0,2025-08-15 07:46:37.765066,2025-08-15 07:46:36.265081,P10040306,2025-08-15 07:46:35.900948,40b70255-1c18-488f-821c-492a2835c810,0333c39e-b985-4949-b7b4-a9e20e6f376b,2025-08-15 07:46:36.196089,2025-08-15 07:46:35.954569,2025-08-15 07:47:35.752784,2025-08-15 07:47:35.290444
0,0,2025-08-15 07:46:45.950473,2025-08-15 07:46:36.276479,P35388589,2025-08-15 07:46:35.900954,40b70255-1c18-488f-821c-492a2835c810,0333c39e-b985-4949-b7b4-a9e20e6f376b,2025-08-15 07:46:36.196089,2025-08-15 07:46:35.954569,2025-08-15 07:47:35.752784,2025-08-15 07:47:35.290444
0,0,2025-08-15 07:46:49.068860,2025-08-15 07:46:37.768950,P98195966,2025-08-15 07:46:35.900963,40b70255-1c18-488f-821c-492a2835c810,0333c39e-b985-4949-b7b4-a9e20e6f376b,2025-08-15 07:46:36.196089,2025-08-15 07:46:35.954569,2025-08-15 07:47:35.752784,2025-08-15 07:47:35.290444
0,0,2025-08-15 07:46:58.927160,2025-08-15 07:46:45.904510,P37162908,2025-08-15 07:46:35.900964,40b70255-1c18-488f-821c-492a2835c810,0333c39e-b985-4949-b7b4-a9e20e6f376b,2025-08-15 07:46:36.196089,2025-08-15 07:46:35.954569,2025-08-15 07:47:35.752784,2025-08-15 07:47:35.290444
0,0,2025-08-15 07:46:52.209609,2025-08-15 07:46:45.950805,P48080021,2025-08-15 07:46:35.900965,40b70255-1c18-488f-821c-492a2835c810,0333c39e-b985-4949-b7b4-a9e20e6f376b,2025-08-15 07:46:36.196089,2025-08-15 07:46:35.954569,2025-08-15 07:47:35.752784,2025-08-15 07:47:35.290444
0,0,2025-08-15 07:47:01.890247,2025-08-15 07:46:46.842015,P75046238,2025-08-15 07:46:35.900966,40b70255-1c18-488f-821c-492a2835c810,0333c39e-b985-4949-b7b4-a9e20e6f376b,2025-08-15 07:46:36.196089,2025-08-15 07:46:35.954569,2025-08-15 07:47:35.752784,2025-08-15 07:47:35.290444
0,0,2025-08-15 07:46:54.919945,2025-08-15 07:46:47.041316,P38390241,2025-08-15 07:46:35.900967,40b70255-1c18-488f-821c-492a2835c810,0333c39e-b985-4949-b7b4-a9e20e6f376b,2025-08-15 07:46:36.196089,2025-08-15 07:46:35.954569,2025-08-15 07:47:35.752784,2025-08-15 07:47:35.290444
0,0,2025-08-15 07:46:57.026986,2025-08-15 07:46:49.069210,P43110456,2025-08-15 07:46:35.900968,40b70255-1c18-488f-821c-492a2835c810,0333c39e-b985-4949-b7b4-a9e20e6f376b,2025-08-15 07:46:36.196089,2025-08-15 07:46:35.954569,2025-08-15 07:47:35.752784,2025-08-15 07:47:35.290444
0,0,2025-08-15 07:47:07.563089,2025-08-15 07:46:52.209871,P90424938,2025-08-15 07:46:35.900969,40b70255-1c18-488f-821c-492a2835c810,0333c39e-b985-4949-b7b4-a9e20e6f376b,2025-08-15 07:46:36.196089,2025-08-15 07:46:35.954569,2025-08-15 07:47:35.752784,2025-08-15 07:47:35.290444
0,0,2025-08-15 07:47:10.725815,2025-08-15 07:46:54.921729,P32980171,2025-08-15 07:46:35.900972,40b70255-1c18-488f-821c-492a2835c810,0333c39e-b985-4949-b7b4-a9e20e6f376b,2025-08-15 07:46:36.196089,2025-08-15 07:46:35.954569,2025-08-15 07:47:35.752784,2025-08-15 07:47:35.290444
0,0,2025-08-15 07:47:04.695142,2025-08-15 07:46:57.027193,P01817841,2025-08-15 07:46:35.900973,40b70255-1c18-488f-821c-492a2835c810,0333c39e-b985-4949-b7b4-a9e20e6f376b,2025-08-15 07:46:36.196089,2025-08-15 07:46:35.954569,2025-08-15 07:47:35.752784,2025-08-15 07:47:35.290444
0,0,2025-08-15 07:47:13.321511,2025-08-15 07:46:58.939206,P10193009,2025-08-15 07:46:35.900974,40b70255-1c18-488f-821c-492a2835c810,0333c39e-b985-4949-b7b4-a9e20e6f376b,2025-08-15 07:46:36.196089,2025-08-15 07:46:35.954569,2025-08-15 07:47:35.752784,2025-08-15 07:47:35.290444
0,0,2025-08-15 07:47:17.363017,2025-08-15 07:47:01.892322,P18950448,2025-08-15 07:46:35.900976,40b70255-1c18-488f-821c-492a2835c810,0333c39e-b985-4949-b7b4-a9e20e6f376b,2025-08-15 07:46:36.196089,2025-08-15 07:46:35.954569,2025-08-15 07:47:35.752784,2025-08-15 07:47:35.290444
0,0,2025-08-15 07:47:20.338863,2025-08-15 07:47:04.696680,P48150604,2025-08-15 07:46:35.900977,40b70255-1c18-488f-821c-492a2835c810,0333c39e-b985-4949-b7b4-a9e20e6f376b,2025-08-15 07:46:36.196089,2025-08-15 07:46:35.954569,2025-08-15 07:47:35.752784,2025-08-15 07:47:35.290444
0,0,2025-08-15 07:47:15.477233,2025-08-15 07:47:07.563538,P53067179,2025-08-15 07:46:35.900978,40b70255-1c18-488f-821c-492a2835c810,0333c39e-b985-4949-b7b4-a9e20e6f376b,2025-08-15 07:46:36.196089,2025-08-15 07:46:35.954569,2025-08-15 07:47:35.752784,2025-08-15 07:47:35.290444
0,0,2025-08-15 07:47:27.270484,2025-08-15 07:47:10.728300,P97234174,2025-08-15 07:46:35.900979,40b70255-1c18-488f-821c-492a2835c810,0333c39e-b985-4949-b7b4-a9e20e6f376b,2025-08-15 07:46:36.196089,2025-08-15 07:46:35.954569,2025-08-15 07:47:35.752784,2025-08-15 07:47:35.290444
0,0,2025-08-15 07:47:31.220812,2025-08-15 07:47:13.321791,P18517968,2025-08-15 07:46:35.900983,40b70255-1c18-488f-821c-492a2835c810,0333c39e-b985-4949-b7b4-a9e20e6f376b,2025-08-15 07:46:36.196089,2025-08-15 07:46:35.954569,2025-08-15 07:47:35.752784,2025-08-15 07:47:35.290444
0,0,2025-08-15 07:47:23.467883,2025-08-15 07:47:15.479461,P58307462,2025-08-15 07:46:35.900984,40b70255-1c18-488f-821c-492a2835c810,0333c39e-b985-4949-b7b4-a9e20e6f376b,2025-08-15 07:46:36.196089,2025-08-15 07:46:35.954569,2025-08-15 07:47:35.752784,2025-08-15 07:47:35.290444
0,0,2025-08-15 07:47:25.451200,2025-08-15 07:47:17.363205,P36381292,2025-08-15 07:46:35.900985,40b70255-1c18-488f-821c-492a2835c810,0333c39e-b985-4949-b7b4-a9e20e6f376b,2025-08-15 07:46:36.196089,2025-08-15 07:46:35.954569,2025-08-15 07:47:35.752784,2025-08-15 07:47:35.290444
0,0,2025-08-15 07:47:29.246612,2025-08-15 07:47:20.339272,P73611570,2025-08-15 07:46:35.900985,40b70255-1c18-488f-821c-492a2835c810,0333c39e-b985-4949-b7b4-a9e20e6f376b,2025-08-15 07:46:36.196089,2025-08-15 07:46:35.954569,2025-08-15 07:47:35.752784,2025-08-15 07:47:35.290444
0,0,2025-08-15 07:47:33.353656,2025-08-15 07:47:23.468016,P17417778,2025-08-15 07:46:35.900986,40b70255-1c18-488f-821c-492a2835c810,0333c39e-b985-4949-b7b4-a9e20e6f376b,2025-08-15 07:46:36.196089,2025-08-15 07:46:35.954569,2025-08-15 07:47:35.752784,2025-08-15 07:47:35.290444
0,0,2025-08-15 07:47:35.273944,2025-08-15 07:47:25.451560,P71179865,2025-08-15 07:46:35.900987,40b70255-1c18-488f-821c-492a2835c810,0333c39e-b985-4949-b7b4-a9e20e6f376b,2025-08-15 07:46:36.196089,2025-08-15 07:46:35.954569,2025-08-15 07:47:35.752784,2025-08-15 07:47:35.290444
1,1,2025-08-15 07:47:37.556542,2025-08-15 07:47:27.272767,P60290618,2025-08-15 07:46:35.926808,40b70255-1c18-488f-821c-492a2835c810,0333c39e-b985-4949-b7b4-a9e20e6f376b,2025-08-15 07:46:36.273552,2025-08-15 07:46:36.209191,2025-08-15 07:48:36.415640,2025-08-15 07:48:36.279436
1,1,2025-08-15 07:47:46.901615,2025-08-15 07:47:29.246861,P06187830,2025-08-15 07:46:35.926823,40b70255-1c18-488f-821c-492a2835c810,0333c39e-b985-4949-b7b4-a9e20e6f376b,2025-08-15 07:46:36.273552,2025-08-15 07:46:36.209191,2025-08-15 07:48:36.415640,2025-08-15 07:48:36.279436
1,1,2025-08-15 07:47:40.348611,2025-08-15 07:47:31.222064,P07967939,2025-08-15 07:46:35.926824,40b70255-1c18-488f-821c-492a2835c810,0333c39e-b985-4949-b7b4-a9e20e6f376b,2025-08-15 07:46:36.273552,2025-08-15 07:46:36.209191,2025-08-15 07:48:36.415640,2025-08-15 07:48:36.279436
1,1,2025-08-15 07:47:57.460481,2025-08-15 07:47:33.354774,P23949156,2025-08-15 07:46:35.926825,40b70255-1c18-488f-821c-492a2835c810,0333c39e-b985-4949-b7b4-a9e20e6f376b,2025-08-15 07:46:36.273552,2025-08-15 07:46:36.209191,2025-08-15 07:48:36.415640,2025-08-15 07:48:36.279436
1,1,2025-08-15 07:47:43.268536,2025-08-15 07:47:35.274377,P27839657,2025-08-15 07:46:35.926826,40b70255-1c18-488f-821c-492a2835c810,0333c39e-b985-4949-b7b4-a9e20e6f376b,2025-08-15 07:46:36.273552,2025-08-15 07:46:36.209191,2025-08-15 07:48:36.415640,2025-08-15 07:48:36.279436
1,1,2025-08-15 07:47:45.196068,2025-08-15 07:47:37.565344,P64527124,2025-08-15 07:46:35.926831,40b70255-1c18-488f-821c-492a2835c810,0333c39e-b985-4949-b7b4-a9e20e6f376b,2025-08-15 07:46:36.273552,2025-08-15 07:46:36.209191,2025-08-15 07:48:36.415640,2025-08-15 07:48:36.279436
1,1,2025-08-15 07:47:48.811109,2025-08-15 07:47:40.349002,P92917578,2025-08-15 07:46:35.926832,40b70255-1c18-488f-821c-492a2835c810,0333c39e-b985-4949-b7b4-a9e20e6f376b,2025-08-15 07:46:36.273552,2025-08-15 07:46:36.209191,2025-08-15 07:48:36.415640,2025-08-15 07:48:36.279436
1,1,2025-08-15 07:47:59.768777,2025-08-15 07:47:43.269510,P45853144,2025-08-15 07:46:35.926832,40b70255-1c18-488f-821c-492a2835c810,0333c39e-b985-4949-b7b4-a9e20e6f376b,2025-08-15 07:46:36.273552,2025-08-15 07:46:36.209191,2025-08-15 07:48:36.415640,2025-08-15 07:48:36.279436
1,1,2025-08-15 07:47:53.067381,2025-08-15 07:47:45.196185,P81189093,2025-08-15 07:46:35.926833,40b70255-1c18-488f-821c-492a2835c810,0333c39e-b985-4949-b7b4-a9e20e6f376b,2025-08-15 07:46:36.273552,2025-08-15 07:46:36.209191,2025-08-15 07:48:36.415640,2025-08-15 07:48:36.279436
1,1,2025-08-15 07:48:03.928040,2025-08-15 07:47:46.902209,P15542182,2025-08-15 07:46:35.926833,40b70255-1c18-488f-821c-492a2835c810,0333c39e-b985-4949-b7b4-a9e20e6f376b,2025-08-15 07:46:36.273552,2025-08-15 07:46:36.209191,2025-08-15 07:48:36.415640,2025-08-15 07:48:36.279436
1,1,2025-08-15 07:47:56.211320,2025-08-15 07:47:48.817128,P96528836,2025-08-15 07:46:35.926834,40b70255-1c18-488f-821c-492a2835c810,0333c39e-b985-4949-b7b4-a9e20e6f376b,2025-08-15 07:46:36.273552,2025-08-15 07:46:36.209191,2025-08-15 07:48:36.415640,2025-08-15 07:48:36.279436
1,1,2025-08-15 07:48:02.063408,2025-08-15 07:47:53.068565,P19869810,2025-08-15 07:46:35.926835,40b70255-1c18-488f-821c-492a2835c810,0333c39e-b985-4949-b7b4-a9e20e6f376b,2025-08-15 07:46:36.273552,2025-08-15 07:46:36.209191,2025-08-15 07:48:36.415640,2025-08-15 07:48:36.279436
1,1,2025-08-15 07:48:06.048899,2025-08-15 07:47:56.212526,P71096717,2025-08-15 07:46:35.926835,40b70255-1c18-488f-821c-492a2835c810,0333c39e-b985-4949-b7b4-a9e20e6f376b,2025-08-15 07:46:36.273552,2025-08-15 07:46:36.209191,2025-08-15 07:48:36.415640,2025-08-15 07:48:36.279436
1,1,2025-08-15 07:48:08.104569,2025-08-15 07:47:57.461699,P28307527,2025-08-15 07:46:35.926836,40b70255-1c18-488f-821c-492a2835c810,0333c39e-b985-4949-b7b4-a9e20e6f376b,2025-08-15 07:46:36.273552,2025-08-15 07:46:36.209191,2025-08-15 07:48:36.415640,2025-08-15 07:48:36.279436
1,1,2025-08-15 07:48:10.222946,2025-08-15 07:47:59.793081,P13545590,2025-08-15 07:46:35.926836,40b70255-1c18-488f-821c-492a2835c810,0333c39e-b985-4949-b7b4-a9e20e6f376b,2025-08-15 07:46:36.273552,2025-08-15 07:46:36.209191,2025-08-15 07:48:36.415640,2025-08-15 07:48:36.279436
1,1,2025-08-15 07:48:12.209433,2025-08-15 07:48:02.063587,P20176658,2025-08-15 07:46:35.926836,40b70255-1c18-488f-821c-492a2835c810,0333c39e-b985-4949-b7b4-a9e20e6f376b,2025-08-15 07:46:36.273552,2025-08-15 07:46:36.209191,2025-08-15 07:48:36.415640,2025-08-15 07:48:36.279436
1,1,2025-08-15 07:48:22.405126,2025-08-15 07:48:03.928951,P81335548,2025-08-15 07:46:35.926837,40b70255-1c18-488f-821c-492a2835c810,0333c39e-b985-4949-b7b4-a9e20e6f376b,2025-08-15 07:46:36.273552,2025-08-15 07:46:36.209191,2025-08-15 07:48:36.415640,2025-08-15 07:48:36.279436
1,1,2025-08-15 07:48:15.352555,2025-08-15 07:48:06.048966,P56809800,2025-08-15 07:46:35.926837,40b70255-1c18-488f-821c-492a2835c810,0333c39e-b985-4949-b7b4-a9e20e6f376b,2025-08-15 07:46:36.273552,2025-08-15 07:46:36.209191,2025-08-15 07:48:36.415640,2025-08-15 07:48:36.279436
1,1,2025-08-15 07:48:17.409009,2025-08-15 07:48:08.104630,P27476847,2025-08-15 07:46:35.926838,40b70255-1c18-488f-821c-492a2835c810,0333c39e-b985-4949-b7b4-a9e20e6f376b,2025-08-15 07:46:36.273552,2025-08-15 07:46:36.209191,2025-08-15 07:48:36.415640,2025-08-15 07:48:36.279436
1,1,2025-08-15 07:48:26.984248,2025-08-15 07:48:10.223026,P04738909,2025-08-15 07:46:35.926839,40b70255-1c18-488f-821c-492a2835c810,0333c39e-b985-4949-b7b4-a9e20e6f376b,2025-08-15 07:46:36.273552,2025-08-15 07:46:36.209191,2025-08-15 07:48:36.415640,2025-08-15 07:48:36.279436
1,1,2025-08-15 07:48:20.551594,2025-08-15 07:48:12.209499,P72250488,2025-08-15 07:46:35.926839,40b70255-1c18-488f-821c-492a2835c810,0333c39e-b985-4949-b7b4-a9e20e6f376b,2025-08-15 07:46:36.273552,2025-08-15 07:46:36.209191,2025-08-15 07:48:36.415640,2025-08-15 07:48:36.279436
1,1,2025-08-15 07:48:24.456983,2025-08-15 07:48:15.353074,P38124254,2025-08-15 07:46:35.926840,40b70255-1c18-488f-821c-492a2835c810,0333c39e-b985-4949-b7b4-a9e20e6f376b,2025-08-15 07:46:36.273552,2025-08-15 07:46:36.209191,2025-08-15 07:48:36.415640,2025-08-15 07:48:36.279436
1,1,2025-08-15 07:48:36.278898,2025-08-15 07:48:17.409321,P89291544,2025-08-15 07:46:35.926840,40b70255-1c18-488f-821c-492a2835c810,0333c39e-b985-4949-b7b4-a9e20e6f376b,2025-08-15 07:46:36.273552,2025-08-15 07:46:36.209191,2025-08-15 07:48:36.415640,2025-08-15 07:48:36.279436
1,1,2025-08-15 07:48:29.501776,2025-08-15 07:48:20.551972,P29773279,2025-08-15 07:46:35.926841,40b70255-1c18-488f-821c-492a2835c810,0333c39e-b985-4949-b7b4-a9e20e6f376b,2025-08-15 07:46:36.273552,2025-08-15 07:46:36.209191,2025-08-15 07:48:36.415640,2025-08-15 07:48:36.279436
1,1,2025-08-15 07:48:32.570975,2025-08-15 07:48:22.405451,P77409375,2025-08-15 07:46:35.926841,40b70255-1c18-488f-821c-492a2835c810,0333c39e-b985-4949-b7b4-a9e20e6f376b,2025-08-15 07:46:36.273552,2025-08-15 07:46:36.209191,2025-08-15 07:48:36.415640,2025-08-15 07:48:36.279436
2,2,2025-08-15 07:48:34.065980,2025-08-15 07:48:24.458337,P45113556,2025-08-15 07:46:35.930779,40b70255-1c18-488f-821c-492a2835c810,0333c39e-b985-4949-b7b4-a9e20e6f376b,2025-08-15 07:46:36.375721,2025-08-15 07:46:36.274776,2025-08-15 07:49:30.339784,2025-08-15 07:49:30.274158
2,2,2025-08-15 07:48:38.583404,2025-08-15 07:48:26.984363,P98240474,2025-08-15 07:46:35.934039,40b70255-1c18-488f-821c-492a2835c810,0333c39e-b985-4949-b7b4-a9e20e6f376b,2025-08-15 07:46:36.375721,2025-08-15 07:46:36.274776,2025-08-15 07:49:30.339784,2025-08-15 07:49:30.274158
2,2,2025-08-15 07:48:40.885736,2025-08-15 07:48:29.501840,P06754208,2025-08-15 07:46:35.934057,40b70255-1c18-488f-821c-492a2835c810,0333c39e-b985-4949-b7b4-a9e20e6f376b,2025-08-15 07:46:36.375721,2025-08-15 07:46:36.274776,2025-08-15 07:49:30.339784,2025-08-15 07:49:30.274158
2,2,2025-08-15 07:48:43.690058,2025-08-15 07:48:32.573250,P48231750,2025-08-15 07:46:35.934058,40b70255-1c18-488f-821c-492a2835c810,0333c39e-b985-4949-b7b4-a9e20e6f376b,2025-08-15 07:46:36.375721,2025-08-15 07:46:36.274776,2025-08-15 07:49:30.339784,2025-08-15 07:49:30.274158
2,2,2025-08-15 07:48:54.055378,2025-08-15 07:48:34.066062,P84367723,2025-08-15 07:46:35.934059,40b70255-1c18-488f-821c-492a2835c810,0333c39e-b985-4949-b7b4-a9e20e6f376b,2025-08-15 07:46:36.375721,2025-08-15 07:46:36.274776,2025-08-15 07:49:30.339784,2025-08-15 07:49:30.274158
2,2,2025-08-15 07:48:46.550098,2025-08-15 07:48:36.278972,P83855155,2025-08-15 07:46:35.934059,40b70255-1c18-488f-821c-492a2835c810,0333c39e-b985-4949-b7b4-a9e20e6f376b,2025-08-15 07:46:36.375721,2025-08-15 07:46:36.274776,2025-08-15 07:49:30.339784,2025-08-15 07:49:30.274158
2,2,2025-08-15 07:48:48.539193,2025-08-15 07:48:38.583819,P62359912,2025-08-15 07:46:35.934060,40b70255-1c18-488f-821c-492a2835c810,0333c39e-b985-4949-b7b4-a9e20e6f376b,2025-08-15 07:46:36.375721,2025-08-15 07:46:36.274776,2025-08-15 07:49:30.339784,2025-08-15 07:49:30.274158
2,2,2025-08-15 07:48:50.707936,2025-08-15 07:48:40.885969,P79865067,2025-08-15 07:46:35.934061,40b70255-1c18-488f-821c-492a2835c810,0333c39e-b985-4949-b7b4-a9e20e6f376b,2025-08-15 07:46:36.375721,2025-08-15 07:46:36.274776,2025-08-15 07:49:30.339784,2025-08-15 07:49:30.274158
2,2,2025-08-15 07:49:01.955167,2025-08-15 07:48:43.695872,P16393593,2025-08-15 07:46:35.934061,40b70255-1c18-488f-821c-492a2835c810,0333c39e-b985-4949-b7b4-a9e20e6f376b,2025-08-15 07:46:36.375721,2025-08-15 07:46:36.274776,2025-08-15 07:49:30.339784,2025-08-15 07:49:30.274158
2,2,2025-08-15 07:48:56.112677,2025-08-15 07:48:46.558332,P20814722,2025-08-15 07:46:35.934062,40b70255-1c18-488f-821c-492a2835c810,0333c39e-b985-4949-b7b4-a9e20e6f376b,2025-08-15 07:46:36.375721,2025-08-15 07:46:36.274776,2025-08-15 07:49:30.339784,2025-08-15 07:49:30.274158
2,2,2025-08-15 07:48:58.149651,2025-08-15 07:48:48.539261,P77702023,2025-08-15 07:46:35.934062,40b70255-1c18-488f-821c-492a2835c810,0333c39e-b985-4949-b7b4-a9e20e6f376b,2025-08-15 07:46:36.375721,2025-08-15 07:46:36.274776,2025-08-15 07:49:30.339784,2025-08-15 07:49:30.274158
2,2,2025-08-15 07:49:00.231634,2025-08-15 07:48:50.709237,P23168292,2025-08-15 07:46:35.934063,40b70255-1c18-488f-821c-492a2835c810,0333c39e-b985-4949-b7b4-a9e20e6f376b,2025-08-15 07:46:36.375721,2025-08-15 07:46:36.274776,2025-08-15 07:49:30.339784,2025-08-15 07:49:30.274158
2,2,2025-08-15 07:49:04.112720,2025-08-15 07:48:54.056508,P53785560,2025-08-15 07:46:35.934064,40b70255-1c18-488f-821c-492a2835c810,0333c39e-b985-4949-b7b4-a9e20e6f376b,2025-08-15 07:46:36.375721,2025-08-15 07:46:36.274776,2025-08-15 07:49:30.339784,2025-08-15 07:49:30.274158
2,2,2025-08-15 07:49:04.609032,2025-08-15 07:48:56.113606,P79344339,2025-08-15 07:46:35.934083,40b70255-1c18-488f-821c-492a2835c810,0333c39e-b985-4949-b7b4-a9e20e6f376b,2025-08-15 07:46:36.375721,2025-08-15 07:46:36.274776,2025-08-15 07:49:30.339784,2025-08-15 07:49:30.274158
2,2,2025-08-15 07:49:06.609279,2025-08-15 07:48:58.151343,P17231497,2025-08-15 07:46:35.934085,40b70255-1c18-488f-821c-492a2835c810,0333c39e-b985-4949-b7b4-a9e20e6f376b,2025-08-15 07:46:36.375721,2025-08-15 07:46:36.274776,2025-08-15 07:49:30.339784,2025-08-15 07:49:30.274158
2,2,2025-08-15 07:49:16.610955,2025-08-15 07:49:00.239152,P27590636,2025-08-15 07:46:35.934086,40b70255-1c18-488f-821c-492a2835c810,0333c39e-b985-4949-b7b4-a9e20e6f376b,2025-08-15 07:46:36.375721,2025-08-15 07:46:36.274776,2025-08-15 07:49:30.339784,2025-08-15 07:49:30.274158
2,2,2025-08-15 07:49:18.446413,2025-08-15 07:49:01.955367,P40761611,2025-08-15 07:46:35.934086,40b70255-1c18-488f-821c-492a2835c810,0333c39e-b985-4949-b7b4-a9e20e6f376b,2025-08-15 07:46:36.375721,2025-08-15 07:46:36.274776,2025-08-15 07:49:30.339784,2025-08-15 07:49:30.274158
2,2,2025-08-15 07:49:10.453455,2025-08-15 07:49:04.113085,P84037337,2025-08-15 07:46:35.934087,40b70255-1c18-488f-821c-492a2835c810,0333c39e-b985-4949-b7b4-a9e20e6f376b,2025-08-15 07:46:36.375721,2025-08-15 07:46:36.274776,2025-08-15 07:49:30.339784,2025-08-15 07:49:30.274158
2,2,2025-08-15 07:49:12.610050,2025-08-15 07:49:04.609430,P80720593,2025-08-15 07:46:35.934088,40b70255-1c18-488f-821c-492a2835c810,0333c39e-b985-4949-b7b4-a9e20e6f376b,2025-08-15 07:46:36.375721,2025-08-15 07:46:36.274776,2025-08-15 07:49:30.339784,2025-08-15 07:49:30.274158
2,2,2025-08-15 07:49:14.586369,2025-08-15 07:49:06.610354,P10938397,2025-08-15 07:46:35.934088,40b70255-1c18-488f-821c-492a2835c810,0333c39e-b985-4949-b7b4-a9e20e6f376b,2025-08-15 07:46:36.375721,2025-08-15 07:46:36.274776,2025-08-15 07:49:30.339784,2025-08-15 07:49:30.274158
2,2,2025-08-15 07:49:20.493800,2025-08-15 07:49:10.454232,P72393714,2025-08-15 07:46:35.934089,40b70255-1c18-488f-821c-492a2835c810,0333c39e-b985-4949-b7b4-a9e20e6f376b,2025-08-15 07:46:36.375721,2025-08-15 07:46:36.274776,2025-08-15 07:49:30.339784,2025-08-15 07:49:30.274158
2,2,2025-08-15 07:49:28.504801,2025-08-15 07:49:12.610323,P64462158,2025-08-15 07:46:35.934089,40b70255-1c18-488f-821c-492a2835c810,0333c39e-b985-4949-b7b4-a9e20e6f376b,2025-08-15 07:46:36.375721,2025-08-15 07:46:36.274776,2025-08-15 07:49:30.339784,2025-08-15 07:49:30.274158
2,2,2025-08-15 07:49:23.732987,2025-08-15 07:49:14.586465,P24330889,2025-08-15 07:46:35.934090,40b70255-1c18-488f-821c-492a2835c810,0333c39e-b985-4949-b7b4-a9e20e6f376b,2025-08-15 07:46:36.375721,2025-08-15 07:46:36.274776,2025-08-15 07:49:30.339784,2025-08-15 07:49:30.274158
2,2,2025-08-15 07:49:25.936065,2025-08-15 07:49:16.611318,P96403636,2025-08-15 07:46:35.934091,40b70255-1c18-488f-821c-492a2835c810,0333c39e-b985-4949-b7b4-a9e20e6f376b,2025-08-15 07:46:36.375721,2025-08-15 07:46:36.274776,2025-08-15 07:49:30.339784,2025-08-15 07:49:30.274158
2,2,2025-08-15 07:49:30.272495,2025-08-15 07:49:18.447084,P53463087,2025-08-15 07:46:35.934091,40b70255-1c18-488f-821c-492a2835c810,0333c39e-b985-4949-b7b4-a9e20e6f376b,2025-08-15 07:46:36.375721,2025-08-15 07:46:36.274776,2025-08-15 07:49:30.339784,2025-08-15 07:49:30.274158
0,0,2025-08-15 08:04:13.176234,2025-08-15 08:04:01.270680,P32949211,2025-08-15 08:04:00.888853,40b70255-1c18-488f-821c-492a2835c810,06ad0805-e1fb-47a5-b0fc-435c980eee8c,2025-08-15 08:04:01.237843,2025-08-15 08:04:00.941369,2025-08-15 08:04:56.660415,2025-08-15 08:04:56.312344
0,0,2025-08-15 08:04:11.958742,2025-08-15 08:04:01.270684,P03854338,2025-08-15 08:04:00.892218,40b70255-1c18-488f-821c-492a2835c810,06ad0805-e1fb-47a5-b0fc-435c980eee8c,2025-08-15 08:04:01.237843,2025-08-15 08:04:00.941369,2025-08-15 08:04:56.660415,2025-08-15 08:04:56.312344
0,0,2025-08-15 08:04:14.341978,2025-08-15 08:04:01.270724,P53243301,2025-08-15 08:04:00.892241,40b70255-1c18-488f-821c-492a2835c810,06ad0805-e1fb-47a5-b0fc-435c980eee8c,2025-08-15 08:04:01.237843,2025-08-15 08:04:00.941369,2025-08-15 08:04:56.660415,2025-08-15 08:04:56.312344
0,0,2025-08-15 08:04:13.480200,2025-08-15 08:04:01.271914,P40435944,2025-08-15 08:04:00.892241,40b70255-1c18-488f-821c-492a2835c810,06ad0805-e1fb-47a5-b0fc-435c980eee8c,2025-08-15 08:04:01.237843,2025-08-15 08:04:00.941369,2025-08-15 08:04:56.660415,2025-08-15 08:04:56.312344
0,0,2025-08-15 08:04:12.480876,2025-08-15 08:04:01.272560,P66332058,2025-08-15 08:04:00.892242,40b70255-1c18-488f-821c-492a2835c810,06ad0805-e1fb-47a5-b0fc-435c980eee8c,2025-08-15 08:04:01.237843,2025-08-15 08:04:00.941369,2025-08-15 08:04:56.660415,2025-08-15 08:04:56.312344
0,0,2025-08-15 08:04:16.449254,2025-08-15 08:04:11.961929,P66823397,2025-08-15 08:04:00.892250,40b70255-1c18-488f-821c-492a2835c810,06ad0805-e1fb-47a5-b0fc-435c980eee8c,2025-08-15 08:04:01.237843,2025-08-15 08:04:00.941369,2025-08-15 08:04:56.660415,2025-08-15 08:04:56.312344
0,0,2025-08-15 08:04:17.870451,2025-08-15 08:04:12.482409,P40156262,2025-08-15 08:04:00.892251,40b70255-1c18-488f-821c-492a2835c810,06ad0805-e1fb-47a5-b0fc-435c980eee8c,2025-08-15 08:04:01.237843,2025-08-15 08:04:00.941369,2025-08-15 08:04:56.660415,2025-08-15 08:04:56.312344
0,0,2025-08-15 08:04:19.965159,2025-08-15 08:04:13.181731,P85152557,2025-08-15 08:04:00.892252,40b70255-1c18-488f-821c-492a2835c810,06ad0805-e1fb-47a5-b0fc-435c980eee8c,2025-08-15 08:04:01.237843,2025-08-15 08:04:00.941369,2025-08-15 08:04:56.660415,2025-08-15 08:04:56.312344
0,0,2025-08-15 08:04:21.962427,2025-08-15 08:04:13.481140,P30587583,2025-08-15 08:04:00.892252,40b70255-1c18-488f-821c-492a2835c810,06ad0805-e1fb-47a5-b0fc-435c980eee8c,2025-08-15 08:04:01.237843,2025-08-15 08:04:00.941369,2025-08-15 08:04:56.660415,2025-08-15 08:04:56.312344
0,0,2025-08-15 08:04:24.014292,2025-08-15 08:04:14.344384,P73607543,2025-08-15 08:04:00.892253,40b70255-1c18-488f-821c-492a2835c810,06ad0805-e1fb-47a5-b0fc-435c980eee8c,2025-08-15 08:04:01.237843,2025-08-15 08:04:00.941369,2025-08-15 08:04:56.660415,2025-08-15 08:04:56.312344
0,0,2025-08-15 08:04:25.968187,2025-08-15 08:04:16.449942,P44339417,2025-08-15 08:04:00.892253,40b70255-1c18-488f-821c-492a2835c810,06ad0805-e1fb-47a5-b0fc-435c980eee8c,2025-08-15 08:04:01.237843,2025-08-15 08:04:00.941369,2025-08-15 08:04:56.660415,2025-08-15 08:04:56.312344
0,0,2025-08-15 08:04:28.025149,2025-08-15 08:04:17.870836,P05029143,2025-08-15 08:04:00.892254,40b70255-1c18-488f-821c-492a2835c810,06ad0805-e1fb-47a5-b0fc-435c980eee8c,2025-08-15 08:04:01.237843,2025-08-15 08:04:00.941369,2025-08-15 08:04:56.660415,2025-08-15 08:04:56.312344
0,0,2025-08-15 08:04:36.720146,2025-08-15 08:04:19.965749,P34277856,2025-08-15 08:04:00.892254,40b70255-1c18-488f-821c-492a2835c810,06ad0805-e1fb-47a5-b0fc-435c980eee8c,2025-08-15 08:04:01.237843,2025-08-15 08:04:00.941369,2025-08-15 08:04:56.660415,2025-08-15 08:04:56.312344
0,0,2025-08-15 08:04:30.215409,2025-08-15 08:04:21.962859,P62385540,2025-08-15 08:04:00.892663,40b70255-1c18-488f-821c-492a2835c810,06ad0805-e1fb-47a5-b0fc-435c980eee8c,2025-08-15 08:04:01.237843,2025-08-15 08:04:00.941369,2025-08-15 08:04:56.660415,2025-08-15 08:04:56.312344
0,0,2025-08-15 08:04:32.261894,2025-08-15 08:04:24.016978,P08445303,2025-08-15 08:04:00.892675,40b70255-1c18-488f-821c-492a2835c810,06ad0805-e1fb-47a5-b0fc-435c980eee8c,2025-08-15 08:04:01.237843,2025-08-15 08:04:00.941369,2025-08-15 08:04:56.660415,2025-08-15 08:04:56.312344
0,0,2025-08-15 08:04:33.261873,2025-08-15 08:04:25.968611,P23987574,2025-08-15 08:04:00.893002,40b70255-1c18-488f-821c-492a2835c810,06ad0805-e1fb-47a5-b0fc-435c980eee8c,2025-08-15 08:04:01.237843,2025-08-15 08:04:00.941369,2025-08-15 08:04:56.660415,2025-08-15 08:04:56.312344
0,0,2025-08-15 08:04:34.930374,2025-08-15 08:04:28.025598,P28669112,2025-08-15 08:04:00.893011,40b70255-1c18-488f-821c-492a2835c810,06ad0805-e1fb-47a5-b0fc-435c980eee8c,2025-08-15 08:04:01.237843,2025-08-15 08:04:00.941369,2025-08-15 08:04:56.660415,2025-08-15 08:04:56.312344
0,0,2025-08-15 08:04:38.669576,2025-08-15 08:04:30.217602,P93026227,2025-08-15 08:04:00.893014,40b70255-1c18-488f-821c-492a2835c810,06ad0805-e1fb-47a5-b0fc-435c980eee8c,2025-08-15 08:04:01.237843,2025-08-15 08:04:00.941369,2025-08-15 08:04:56.660415,2025-08-15 08:04:56.312344
0,0,2025-08-15 08:04:40.761570,2025-08-15 08:04:32.262327,P54891203,2025-08-15 08:04:00.893015,40b70255-1c18-488f-821c-492a2835c810,06ad0805-e1fb-47a5-b0fc-435c980eee8c,2025-08-15 08:04:01.237843,2025-08-15 08:04:00.941369,2025-08-15 08:04:56.660415,2025-08-15 08:04:56.312344
0,0,2025-08-15 08:04:48.455557,2025-08-15 08:04:33.262174,P11605914,2025-08-15 08:04:00.893015,40b70255-1c18-488f-821c-492a2835c810,06ad0805-e1fb-47a5-b0fc-435c980eee8c,2025-08-15 08:04:01.237843,2025-08-15 08:04:00.941369,2025-08-15 08:04:56.660415,2025-08-15 08:04:56.312344
0,0,2025-08-15 08:04:43.912530,2025-08-15 08:04:34.931093,P09802923,2025-08-15 08:04:00.893016,40b70255-1c18-488f-821c-492a2835c810,06ad0805-e1fb-47a5-b0fc-435c980eee8c,2025-08-15 08:04:01.237843,2025-08-15 08:04:00.941369,2025-08-15 08:04:56.660415,2025-08-15 08:04:56.312344
0,0,2025-08-15 08:04:52.479042,2025-08-15 08:04:36.721465,P19890326,2025-08-15 08:04:00.893017,40b70255-1c18-488f-821c-492a2835c810,06ad0805-e1fb-47a5-b0fc-435c980eee8c,2025-08-15 08:04:01.237843,2025-08-15 08:04:00.941369,2025-08-15 08:04:56.660415,2025-08-15 08:04:56.312344
0,0,2025-08-15 08:04:54.311774,2025-08-15 08:04:38.681747,P29267752,2025-08-15 08:04:00.893017,40b70255-1c18-488f-821c-492a2835c810,06ad0805-e1fb-47a5-b0fc-435c980eee8c,2025-08-15 08:04:01.237843,2025-08-15 08:04:00.941369,2025-08-15 08:04:56.660415,2025-08-15 08:04:56.312344
0,0,2025-08-15 08:04:56.277086,2025-08-15 08:04:40.761751,P34966805,2025-08-15 08:04:00.893017,40b70255-1c18-488f-821c-492a2835c810,06ad0805-e1fb-47a5-b0fc-435c980eee8c,2025-08-15 08:04:01.237843,2025-08-15 08:04:00.941369,2025-08-15 08:04:56.660415,2025-08-15 08:04:56.312344
0,0,2025-08-15 08:04:50.609733,2025-08-15 08:04:43.914465,P22378700,2025-08-15 08:04:00.893018,40b70255-1c18-488f-821c-492a2835c810,06ad0805-e1fb-47a5-b0fc-435c980eee8c,2025-08-15 08:04:01.237843,2025-08-15 08:04:00.941369,2025-08-15 08:04:56.660415,2025-08-15 08:04:56.312344
1,1,2025-08-15 08:04:58.522700,2025-08-15 08:04:48.455915,P85854149,2025-08-15 08:04:00.902596,40b70255-1c18-488f-821c-492a2835c810,06ad0805-e1fb-47a5-b0fc-435c980eee8c,2025-08-15 08:04:01.267470,2025-08-15 08:04:01.249008,2025-08-15 08:05:55.072953,2025-08-15 08:05:54.868706
1,1,2025-08-15 08:05:00.539499,2025-08-15 08:04:50.610299,P95960508,2025-08-15 08:04:00.902611,40b70255-1c18-488f-821c-492a2835c810,06ad0805-e1fb-47a5-b0fc-435c980eee8c,2025-08-15 08:04:01.267470,2025-08-15 08:04:01.249008,2025-08-15 08:05:55.072953,2025-08-15 08:05:54.868706
1,1,2025-08-15 08:05:02.561136,2025-08-15 08:04:52.481583,P10337041,2025-08-15 08:04:00.902612,40b70255-1c18-488f-821c-492a2835c810,06ad0805-e1fb-47a5-b0fc-435c980eee8c,2025-08-15 08:04:01.267470,2025-08-15 08:04:01.249008,2025-08-15 08:05:55.072953,2025-08-15 08:05:54.868706
1,1,2025-08-15 08:05:04.432706,2025-08-15 08:04:54.320781,P64706404,2025-08-15 08:04:00.902613,40b70255-1c18-488f-821c-492a2835c810,06ad0805-e1fb-47a5-b0fc-435c980eee8c,2025-08-15 08:04:01.267470,2025-08-15 08:04:01.249008,2025-08-15 08:05:55.072953,2025-08-15 08:05:54.868706
1,1,2025-08-15 08:05:06.546315,2025-08-15 08:04:56.277427,P92013557,2025-08-15 08:04:00.902614,40b70255-1c18-488f-821c-492a2835c810,06ad0805-e1fb-47a5-b0fc-435c980eee8c,2025-08-15 08:04:01.267470,2025-08-15 08:04:01.249008,2025-08-15 08:05:55.072953,2025-08-15 08:05:54.868706
1,1,2025-08-15 08:05:08.244395,2025-08-15 08:04:58.524905,P83894628,2025-08-15 08:04:00.902620,40b70255-1c18-488f-821c-492a2835c810,06ad0805-e1fb-47a5-b0fc-435c980eee8c,2025-08-15 08:04:01.267470,2025-08-15 08:04:01.249008,2025-08-15 08:05:55.072953,2025-08-15 08:05:54.868706
1,1,2025-08-15 08:05:16.913928,2025-08-15 08:05:00.539833,P03792229,2025-08-15 08:04:00.902620,40b70255-1c18-488f-821c-492a2835c810,06ad0805-e1fb-47a5-b0fc-435c980eee8c,2025-08-15 08:04:01.267470,2025-08-15 08:04:01.249008,2025-08-15 08:05:55.072953,2025-08-15 08:05:54.868706
1,1,2025-08-15 08:05:18.958870,2025-08-15 08:05:02.569869,P85174638,2025-08-15 08:04:00.902621,40b70255-1c18-488f-821c-492a2835c810,06ad0805-e1fb-47a5-b0fc-435c980eee8c,2025-08-15 08:04:01.267470,2025-08-15 08:04:01.249008,2025-08-15 08:05:55.072953,2025-08-15 08:05:54.868706
1,1,2025-08-15 08:05:12.134760,2025-08-15 08:05:04.433078,P50671093,2025-08-15 08:04:00.902622,40b70255-1c18-488f-821c-492a2835c810,06ad0805-e1fb-47a5-b0fc-435c980eee8c,2025-08-15 08:04:01.267470,2025-08-15 08:04:01.249008,2025-08-15 08:05:55.072953,2025-08-15 08:05:54.868706
1,1,2025-08-15 08:05:14.092887,2025-08-15 08:05:06.546787,P51971714,2025-08-15 08:04:00.902622,40b70255-1c18-488f-821c-492a2835c810,06ad0805-e1fb-47a5-b0fc-435c980eee8c,2025-08-15 08:04:01.267470,2025-08-15 08:04:01.249008,2025-08-15 08:05:55.072953,2025-08-15 08:05:54.868706
1,1,2025-08-15 08:05:24.730926,2025-08-15 08:05:08.245418,P18068144,2025-08-15 08:04:00.902623,40b70255-1c18-488f-821c-492a2835c810,06ad0805-e1fb-47a5-b0fc-435c980eee8c,2025-08-15 08:04:01.267470,2025-08-15 08:04:01.249008,2025-08-15 08:05:55.072953,2025-08-15 08:05:54.868706
1,1,2025-08-15 08:05:20.835193,2025-08-15 08:05:12.147757,P72934993,2025-08-15 08:04:00.902626,40b70255-1c18-488f-821c-492a2835c810,06ad0805-e1fb-47a5-b0fc-435c980eee8c,2025-08-15 08:04:01.267470,2025-08-15 08:04:01.249008,2025-08-15 08:05:55.072953,2025-08-15 08:05:54.868706
1,1,2025-08-15 08:05:22.733997,2025-08-15 08:05:14.093087,P50917388,2025-08-15 08:04:00.902626,40b70255-1c18-488f-821c-492a2835c810,06ad0805-e1fb-47a5-b0fc-435c980eee8c,2025-08-15 08:04:01.267470,2025-08-15 08:04:01.249008,2025-08-15 08:05:55.072953,2025-08-15 08:05:54.868706
1,1,2025-08-15 08:05:26.821692,2025-08-15 08:05:16.920476,P47449524,2025-08-15 08:04:00.902627,40b70255-1c18-488f-821c-492a2835c810,06ad0805-e1fb-47a5-b0fc-435c980eee8c,2025-08-15 08:04:01.267470,2025-08-15 08:04:01.249008,2025-08-15 08:05:55.072953,2025-08-15 08:05:54.868706
1,1,2025-08-15 08:05:37.577383,2025-08-15 08:05:18.959260,P67176422,2025-08-15 08:04:00.902628,40b70255-1c18-488f-821c-492a2835c810,06ad0805-e1fb-47a5-b0fc-435c980eee8c,2025-08-15 08:04:01.267470,2025-08-15 08:04:01.249008,2025-08-15 08:05:55.072953,2025-08-15 08:05:54.868706
1,1,2025-08-15 08:05:30.067352,2025-08-15 08:05:20.836167,P02125576,2025-08-15 08:04:00.902628,40b70255-1c18-488f-821c-492a2835c810,06ad0805-e1fb-47a5-b0fc-435c980eee8c,2025-08-15 08:04:01.267470,2025-08-15 08:04:01.249008,2025-08-15 08:05:55.072953,2025-08-15 08:05:54.868706
1,1,2025-08-15 08:05:31.629183,2025-08-15 08:05:22.734486,P06441647,2025-08-15 08:04:00.902629,40b70255-1c18-488f-821c-492a2835c810,06ad0805-e1fb-47a5-b0fc-435c980eee8c,2025-08-15 08:04:01.267470,2025-08-15 08:04:01.249008,2025-08-15 08:05:55.072953,2025-08-15 08:05:54.868706
1,1,2025-08-15 08:05:33.610389,2025-08-15 08:05:24.731318,P63198274,2025-08-15 08:04:00.902630,40b70255-1c18-488f-821c-492a2835c810,06ad0805-e1fb-47a5-b0fc-435c980eee8c,2025-08-15 08:04:01.267470,2025-08-15 08:04:01.249008,2025-08-15 08:05:55.072953,2025-08-15 08:05:54.868706
1,1,2025-08-15 08:05:35.738984,2025-08-15 08:05:26.826555,P46628212,2025-08-15 08:04:00.902630,40b70255-1c18-488f-821c-492a2835c810,06ad0805-e1fb-47a5-b0fc-435c980eee8c,2025-08-15 08:04:01.267470,2025-08-15 08:04:01.249008,2025-08-15 08:05:55.072953,2025-08-15 08:05:54.868706
1,1,2025-08-15 08:05:39.539033,2025-08-15 08:05:30.067724,P36017156,2025-08-15 08:04:00.902631,40b70255-1c18-488f-821c-492a2835c810,06ad0805-e1fb-47a5-b0fc-435c980eee8c,2025-08-15 08:04:01.267470,2025-08-15 08:04:01.249008,2025-08-15 08:05:55.072953,2025-08-15 08:05:54.868706
1,1,2025-08-15 08:05:41.634740,2025-08-15 08:05:31.629391,P42819191,2025-08-15 08:04:00.902631,40b70255-1c18-488f-821c-492a2835c810,06ad0805-e1fb-47a5-b0fc-435c980eee8c,2025-08-15 08:04:01.267470,2025-08-15 08:04:01.249008,2025-08-15 08:05:55.072953,2025-08-15 08:05:54.868706
1,1,2025-08-15 08:05:43.587610,2025-08-15 08:05:33.610648,P10961645,2025-08-15 08:04:00.902632,40b70255-1c18-488f-821c-492a2835c810,06ad0805-e1fb-47a5-b0fc-435c980eee8c,2025-08-15 08:04:01.267470,2025-08-15 08:04:01.249008,2025-08-15 08:05:55.072953,2025-08-15 08:05:54.868706
1,1,2025-08-15 08:05:52.929254,2025-08-15 08:05:35.739189,P28401362,2025-08-15 08:04:00.902701,40b70255-1c18-488f-821c-492a2835c810,06ad0805-e1fb-47a5-b0fc-435c980eee8c,2025-08-15 08:04:01.267470,2025-08-15 08:04:01.249008,2025-08-15 08:05:55.072953,2025-08-15 08:05:54.868706
1,1,2025-08-15 08:05:54.866715,2025-08-15 08:05:37.579110,P75865054,2025-08-15 08:04:00.902708,40b70255-1c18-488f-821c-492a2835c810,06ad0805-e1fb-47a5-b0fc-435c980eee8c,2025-08-15 08:04:01.267470,2025-08-15 08:04:01.249008,2025-08-15 08:05:55.072953,2025-08-15 08:05:54.868706
1,1,2025-08-15 08:05:47.430580,2025-08-15 08:05:39.540730,P47138746,2025-08-15 08:04:00.902709,40b70255-1c18-488f-821c-492a2835c810,06ad0805-e1fb-47a5-b0fc-435c980eee8c,2025-08-15 08:04:01.267470,2025-08-15 08:04:01.249008,2025-08-15 08:05:55.072953,2025-08-15 08:05:54.868706
2,2,2025-08-15 08:05:49.077646,2025-08-15 08:05:41.635767,P51509633,2025-08-15 08:04:00.902712,40b70255-1c18-488f-821c-492a2835c810,06ad0805-e1fb-47a5-b0fc-435c980eee8c,2025-08-15 08:04:01.391493,2025-08-15 08:04:01.270764,2025-08-15 08:06:43.968464,2025-08-15 08:06:43.903377
2,2,2025-08-15 08:05:51.058137,2025-08-15 08:05:43.587931,P05526143,2025-08-15 08:04:00.902713,40b70255-1c18-488f-821c-492a2835c810,06ad0805-e1fb-47a5-b0fc-435c980eee8c,2025-08-15 08:04:01.391493,2025-08-15 08:04:01.270764,2025-08-15 08:06:43.968464,2025-08-15 08:06:43.903377
2,2,2025-08-15 08:05:56.956613,2025-08-15 08:05:47.430689,P16359963,2025-08-15 08:04:00.902714,40b70255-1c18-488f-821c-492a2835c810,06ad0805-e1fb-47a5-b0fc-435c980eee8c,2025-08-15 08:04:01.391493,2025-08-15 08:04:01.270764,2025-08-15 08:06:43.968464,2025-08-15 08:06:43.903377
2,2,2025-08-15 08:06:05.347473,2025-08-15 08:05:49.077708,P58372912,2025-08-15 08:04:00.902714,40b70255-1c18-488f-821c-492a2835c810,06ad0805-e1fb-47a5-b0fc-435c980eee8c,2025-08-15 08:04:01.391493,2025-08-15 08:04:01.270764,2025-08-15 08:06:43.968464,2025-08-15 08:06:43.903377
2,2,2025-08-15 08:05:59.873455,2025-08-15 08:05:51.058368,P51174427,2025-08-15 08:04:00.902715,40b70255-1c18-488f-821c-492a2835c810,06ad0805-e1fb-47a5-b0fc-435c980eee8c,2025-08-15 08:04:01.391493,2025-08-15 08:04:01.270764,2025-08-15 08:06:43.968464,2025-08-15 08:06:43.903377
2,2,2025-08-15 08:06:09.157217,2025-08-15 08:05:52.929674,P07326672,2025-08-15 08:04:00.902716,40b70255-1c18-488f-821c-492a2835c810,06ad0805-e1fb-47a5-b0fc-435c980eee8c,2025-08-15 08:04:01.391493,2025-08-15 08:04:01.270764,2025-08-15 08:06:43.968464,2025-08-15 08:06:43.903377
2,2,2025-08-15 08:06:18.889649,2025-08-15 08:05:54.867586,P35962380,2025-08-15 08:04:00.902717,40b70255-1c18-488f-821c-492a2835c810,06ad0805-e1fb-47a5-b0fc-435c980eee8c,2025-08-15 08:04:01.391493,2025-08-15 08:04:01.270764,2025-08-15 08:06:43.968464,2025-08-15 08:06:43.903377
2,2,2025-08-15 08:06:03.369684,2025-08-15 08:05:56.956902,P51015881,2025-08-15 08:04:00.902717,40b70255-1c18-488f-821c-492a2835c810,06ad0805-e1fb-47a5-b0fc-435c980eee8c,2025-08-15 08:04:01.391493,2025-08-15 08:04:01.270764,2025-08-15 08:06:43.968464,2025-08-15 08:06:43.903377
2,2,2025-08-15 08:06:07.438308,2025-08-15 08:05:59.873860,P20529954,2025-08-15 08:04:00.902718,40b70255-1c18-488f-821c-492a2835c810,06ad0805-e1fb-47a5-b0fc-435c980eee8c,2025-08-15 08:04:01.391493,2025-08-15 08:04:01.270764,2025-08-15 08:06:43.968464,2025-08-15 08:06:43.903377
2,2,2025-08-15 08:06:21.155556,2025-08-15 08:06:03.369915,P40379790,2025-08-15 08:04:00.902719,40b70255-1c18-488f-821c-492a2835c810,06ad0805-e1fb-47a5-b0fc-435c980eee8c,2025-08-15 08:04:01.391493,2025-08-15 08:04:01.270764,2025-08-15 08:06:43.968464,2025-08-15 08:06:43.903377
2,2,2025-08-15 08:06:13.120594,2025-08-15 08:06:05.347893,P76140207,2025-08-15 08:04:00.902719,40b70255-1c18-488f-821c-492a2835c810,06ad0805-e1fb-47a5-b0fc-435c980eee8c,2025-08-15 08:04:01.391493,2025-08-15 08:04:01.270764,2025-08-15 08:06:43.968464,2025-08-15 08:06:43.903377
2,2,2025-08-15 08:06:15.049336,2025-08-15 08:06:07.438484,P46893936,2025-08-15 08:04:00.902720,40b70255-1c18-488f-821c-492a2835c810,06ad0805-e1fb-47a5-b0fc-435c980eee8c,2025-08-15 08:04:01.391493,2025-08-15 08:04:01.270764,2025-08-15 08:06:43.968464,2025-08-15 08:06:43.903377
2,2,2025-08-15 08:06:16.857340,2025-08-15 08:06:09.161432,P70324866,2025-08-15 08:04:00.902720,40b70255-1c18-488f-821c-492a2835c810,06ad0805-e1fb-47a5-b0fc-435c980eee8c,2025-08-15 08:04:01.391493,2025-08-15 08:04:01.270764,2025-08-15 08:06:43.968464,2025-08-15 08:06:43.903377
2,2,2025-08-15 08:06:29.883816,2025-08-15 08:06:13.120852,P00284532,2025-08-15 08:04:00.902721,40b70255-1c18-488f-821c-492a2835c810,06ad0805-e1fb-47a5-b0fc-435c980eee8c,2025-08-15 08:04:01.391493,2025-08-15 08:04:01.270764,2025-08-15 08:06:43.968464,2025-08-15 08:06:43.903377
2,2,2025-08-15 08:06:24.290235,2025-08-15 08:06:15.049739,P36001546,2025-08-15 08:04:00.902722,40b70255-1c18-488f-821c-492a2835c810,06ad0805-e1fb-47a5-b0fc-435c980eee8c,2025-08-15 08:04:01.391493,2025-08-15 08:04:01.270764,2025-08-15 08:06:43.968464,2025-08-15 08:06:43.903377
2,2,2025-08-15 08:06:24.458484,2025-08-15 08:06:16.857881,P56930783,2025-08-15 08:04:00.905607,40b70255-1c18-488f-821c-492a2835c810,06ad0805-e1fb-47a5-b0fc-435c980eee8c,2025-08-15 08:04:01.391493,2025-08-15 08:04:01.270764,2025-08-15 08:06:43.968464,2025-08-15 08:06:43.903377
2,2,2025-08-15 08:06:26.372245,2025-08-15 08:06:18.892875,P12180611,2025-08-15 08:04:00.905653,40b70255-1c18-488f-821c-492a2835c810,06ad0805-e1fb-47a5-b0fc-435c980eee8c,2025-08-15 08:04:01.391493,2025-08-15 08:04:01.270764,2025-08-15 08:06:43.968464,2025-08-15 08:06:43.903377
2,2,2025-08-15 08:06:28.203291,2025-08-15 08:06:21.156127,P52963614,2025-08-15 08:04:00.905655,40b70255-1c18-488f-821c-492a2835c810,06ad0805-e1fb-47a5-b0fc-435c980eee8c,2025-08-15 08:04:01.391493,2025-08-15 08:04:01.270764,2025-08-15 08:06:43.968464,2025-08-15 08:06:43.903377
2,2,2025-08-15 08:06:30.721767,2025-08-15 08:06:24.290668,P91689403,2025-08-15 08:04:00.905656,40b70255-1c18-488f-821c-492a2835c810,06ad0805-e1fb-47a5-b0fc-435c980eee8c,2025-08-15 08:04:01.391493,2025-08-15 08:04:01.270764,2025-08-15 08:06:43.968464,2025-08-15 08:06:43.903377
2,2,2025-08-15 08:06:32.690392,2025-08-15 08:06:24.458554,P29801165,2025-08-15 08:04:00.905657,40b70255-1c18-488f-821c-492a2835c810,06ad0805-e1fb-47a5-b0fc-435c980eee8c,2025-08-15 08:04:01.391493,2025-08-15 08:04:01.270764,2025-08-15 08:06:43.968464,2025-08-15 08:06:43.903377
2,2,2025-08-15 08:06:34.401721,2025-08-15 08:06:26.372315,P54504352,2025-08-15 08:04:00.905660,40b70255-1c18-488f-821c-492a2835c810,06ad0805-e1fb-47a5-b0fc-435c980eee8c,2025-08-15 08:04:01.391493,2025-08-15 08:04:01.270764,2025-08-15 08:06:43.968464,2025-08-15 08:06:43.903377
2,2,2025-08-15 08:06:42.083181,2025-08-15 08:06:28.203927,P44480850,2025-08-15 08:04:00.905661,40b70255-1c18-488f-821c-492a2835c810,06ad0805-e1fb-47a5-b0fc-435c980eee8c,2025-08-15 08:04:01.391493,2025-08-15 08:04:01.270764,2025-08-15 08:06:43.968464,2025-08-15 08:06:43.903377
2,2,2025-08-15 08:06:43.903018,2025-08-15 08:06:29.884212,P31121375,2025-08-15 08:04:00.905662,40b70255-1c18-488f-821c-492a2835c810,06ad0805-e1fb-47a5-b0fc-435c980eee8c,2025-08-15 08:04:01.391493,2025-08-15 08:04:01.270764,2025-08-15 08:06:43.968464,2025-08-15 08:06:43.903377
2,2,2025-08-15 08:06:38.243193,2025-08-15 08:06:30.721996,P66478252,2025-08-15 08:04:00.905663,40b70255-1c18-488f-821c-492a2835c810,06ad0805-e1fb-47a5-b0fc-435c980eee8c,2025-08-15 08:04:01.391493,2025-08-15 08:04:01.270764,2025-08-15 08:06:43.968464,2025-08-15 08:06:43.903377
2,2,2025-08-15 08:06:40.260310,2025-08-15 08:06:32.691283,P09097582,2025-08-15 08:04:00.905663,40b70255-1c18-488f-821c-492a2835c810,06ad0805-e1fb-47a5-b0fc-435c980eee8c,2025-08-15 08:04:01.391493,2025-08-15 08:04:01.270764,2025-08-15 08:06:43.968464,2025-08-15 08:06:43.903377
0,0,2025-08-15 08:08:27.156969,2025-08-15 08:08:16.840406,P91980563,2025-08-15 08:08:16.448186,40b70255-1c18-488f-821c-492a2835c810,b2c68bad-463f-4627-b932-0bfbe1f01d94,2025-08-15 08:08:16.789870,2025-08-15 08:08:16.499068,2025-08-15 08:09:24.395683,2025-08-15 08:09:23.771933
0,0,2025-08-15 08:08:25.402968,2025-08-15 08:08:16.840456,P37407052,2025-08-15 08:08:16.451627,40b70255-1c18-488f-821c-492a2835c810,b2c68bad-463f-4627-b932-0bfbe1f01d94,2025-08-15 08:08:16.789870,2025-08-15 08:08:16.499068,2025-08-15 08:09:24.395683,2025-08-15 08:09:23.771933
0,0,2025-08-15 08:08:19.164682,2025-08-15 08:08:16.840470,P26327444,2025-08-15 08:08:16.452004,40b70255-1c18-488f-821c-492a2835c810,b2c68bad-463f-4627-b932-0bfbe1f01d94,2025-08-15 08:08:16.789870,2025-08-15 08:08:16.499068,2025-08-15 08:09:24.395683,2025-08-15 08:09:23.771933
0,0,2025-08-15 08:08:25.516991,2025-08-15 08:08:16.840414,P63466861,2025-08-15 08:08:16.452018,40b70255-1c18-488f-821c-492a2835c810,b2c68bad-463f-4627-b932-0bfbe1f01d94,2025-08-15 08:08:16.789870,2025-08-15 08:08:16.499068,2025-08-15 08:09:24.395683,2025-08-15 08:09:23.771933
0,0,2025-08-15 08:08:28.837414,2025-08-15 08:08:16.894739,P61320124,2025-08-15 08:08:16.452019,40b70255-1c18-488f-821c-492a2835c810,b2c68bad-463f-4627-b932-0bfbe1f01d94,2025-08-15 08:08:16.789870,2025-08-15 08:08:16.499068,2025-08-15 08:09:24.395683,2025-08-15 08:09:23.771933
0,0,2025-08-15 08:08:31.024840,2025-08-15 08:08:19.168186,P98914075,2025-08-15 08:08:16.452030,40b70255-1c18-488f-821c-492a2835c810,b2c68bad-463f-4627-b932-0bfbe1f01d94,2025-08-15 08:08:16.789870,2025-08-15 08:08:16.499068,2025-08-15 08:09:24.395683,2025-08-15 08:09:23.771933
0,0,2025-08-15 08:08:40.170706,2025-08-15 08:08:25.403099,P34679995,2025-08-15 08:08:16.452032,40b70255-1c18-488f-821c-492a2835c810,b2c68bad-463f-4627-b932-0bfbe1f01d94,2025-08-15 08:08:16.789870,2025-08-15 08:08:16.499068,2025-08-15 08:09:24.395683,2025-08-15 08:09:23.771933
0,0,2025-08-15 08:08:33.830414,2025-08-15 08:08:25.517095,P49034679,2025-08-15 08:08:16.452032,40b70255-1c18-488f-821c-492a2835c810,b2c68bad-463f-4627-b932-0bfbe1f01d94,2025-08-15 08:08:16.789870,2025-08-15 08:08:16.499068,2025-08-15 08:09:24.395683,2025-08-15 08:09:23.771933
0,0,2025-08-15 08:08:43.970917,2025-08-15 08:08:27.166714,P33249391,2025-08-15 08:08:16.452033,40b70255-1c18-488f-821c-492a2835c810,b2c68bad-463f-4627-b932-0bfbe1f01d94,2025-08-15 08:08:16.789870,2025-08-15 08:08:16.499068,2025-08-15 08:09:24.395683,2025-08-15 08:09:23.771933
0,0,2025-08-15 08:08:37.121026,2025-08-15 08:08:28.838597,P47665569,2025-08-15 08:08:16.452033,40b70255-1c18-488f-821c-492a2835c810,b2c68bad-463f-4627-b932-0bfbe1f01d94,2025-08-15 08:08:16.789870,2025-08-15 08:08:16.499068,2025-08-15 08:09:24.395683,2025-08-15 08:09:23.771933
0,0,2025-08-15 08:08:47.872273,2025-08-15 08:08:31.025661,P94821779,2025-08-15 08:08:16.452034,40b70255-1c18-488f-821c-492a2835c810,b2c68bad-463f-4627-b932-0bfbe1f01d94,2025-08-15 08:08:16.789870,2025-08-15 08:08:16.499068,2025-08-15 08:09:24.395683,2025-08-15 08:09:23.771933
0,0,2025-08-15 08:08:41.938755,2025-08-15 08:08:33.831979,P57838624,2025-08-15 08:08:16.452036,40b70255-1c18-488f-821c-492a2835c810,b2c68bad-463f-4627-b932-0bfbe1f01d94,2025-08-15 08:08:16.789870,2025-08-15 08:08:16.499068,2025-08-15 08:09:24.395683,2025-08-15 08:09:23.771933
0,0,2025-08-15 08:08:45.986405,2025-08-15 08:08:37.122589,P51570823,2025-08-15 08:08:16.452037,40b70255-1c18-488f-821c-492a2835c810,b2c68bad-463f-4627-b932-0bfbe1f01d94,2025-08-15 08:08:16.789870,2025-08-15 08:08:16.499068,2025-08-15 08:09:24.395683,2025-08-15 08:09:23.771933
0,0,2025-08-15 08:08:50.046841,2025-08-15 08:08:40.176898,P31377053,2025-08-15 08:08:16.452038,40b70255-1c18-488f-821c-492a2835c810,b2c68bad-463f-4627-b932-0bfbe1f01d94,2025-08-15 08:08:16.789870,2025-08-15 08:08:16.499068,2025-08-15 08:09:24.395683,2025-08-15 08:09:23.771933
0,0,2025-08-15 08:08:52.630451,2025-08-15 08:08:41.944230,P02606180,2025-08-15 08:08:16.452039,40b70255-1c18-488f-821c-492a2835c810,b2c68bad-463f-4627-b932-0bfbe1f01d94,2025-08-15 08:08:16.789870,2025-08-15 08:08:16.499068,2025-08-15 08:09:24.395683,2025-08-15 08:09:23.771933
0,0,2025-08-15 08:08:54.677553,2025-08-15 08:08:43.971517,P17610737,2025-08-15 08:08:16.452041,40b70255-1c18-488f-821c-492a2835c810,b2c68bad-463f-4627-b932-0bfbe1f01d94,2025-08-15 08:08:16.789870,2025-08-15 08:08:16.499068,2025-08-15 08:09:24.395683,2025-08-15 08:09:23.771933
0,0,2025-08-15 08:09:02.482866,2025-08-15 08:08:45.986516,P28062851,2025-08-15 08:08:16.452042,40b70255-1c18-488f-821c-492a2835c810,b2c68bad-463f-4627-b932-0bfbe1f01d94,2025-08-15 08:08:16.789870,2025-08-15 08:08:16.499068,2025-08-15 08:09:24.395683,2025-08-15 08:09:23.771933
0,0,2025-08-15 08:09:04.386164,2025-08-15 08:08:47.872514,P86180804,2025-08-15 08:08:16.452043,40b70255-1c18-488f-821c-492a2835c810,b2c68bad-463f-4627-b932-0bfbe1f01d94,2025-08-15 08:08:16.789870,2025-08-15 08:08:16.499068,2025-08-15 08:09:24.395683,2025-08-15 08:09:23.771933
0,0,2025-08-15 08:09:06.341258,2025-08-15 08:08:50.047130,P17323759,2025-08-15 08:08:16.452043,40b70255-1c18-488f-821c-492a2835c810,b2c68bad-463f-4627-b932-0bfbe1f01d94,2025-08-15 08:08:16.789870,2025-08-15 08:08:16.499068,2025-08-15 08:09:24.395683,2025-08-15 08:09:23.771933
0,0,2025-08-15 08:09:08.222387,2025-08-15 08:08:52.630904,P32062347,2025-08-15 08:08:16.452044,40b70255-1c18-488f-821c-492a2835c810,b2c68bad-463f-4627-b932-0bfbe1f01d94,2025-08-15 08:08:16.789870,2025-08-15 08:08:16.499068,2025-08-15 08:09:24.395683,2025-08-15 08:09:23.771933
0,0,2025-08-15 08:09:00.584274,2025-08-15 08:08:54.678161,P34642054,2025-08-15 08:08:16.452044,40b70255-1c18-488f-821c-492a2835c810,b2c68bad-463f-4627-b932-0bfbe1f01d94,2025-08-15 08:08:16.789870,2025-08-15 08:08:16.499068,2025-08-15 08:09:24.395683,2025-08-15 08:09:23.771933
0,0,2025-08-15 08:09:10.378060,2025-08-15 08:09:00.584674,P75692998,2025-08-15 08:08:16.452045,40b70255-1c18-488f-821c-492a2835c810,b2c68bad-463f-4627-b932-0bfbe1f01d94,2025-08-15 08:08:16.789870,2025-08-15 08:08:16.499068,2025-08-15 08:09:24.395683,2025-08-15 08:09:23.771933
0,0,2025-08-15 08:09:12.432324,2025-08-15 08:09:02.487142,P29977271,2025-08-15 08:08:16.452046,40b70255-1c18-488f-821c-492a2835c810,b2c68bad-463f-4627-b932-0bfbe1f01d94,2025-08-15 08:08:16.789870,2025-08-15 08:08:16.499068,2025-08-15 08:09:24.395683,2025-08-15 08:09:23.771933
0,0,2025-08-15 08:09:23.763148,2025-08-15 08:09:04.386423,P38225913,2025-08-15 08:08:16.452046,40b70255-1c18-488f-821c-492a2835c810,b2c68bad-463f-4627-b932-0bfbe1f01d94,2025-08-15 08:08:16.789870,2025-08-15 08:08:16.499068,2025-08-15 08:09:24.395683,2025-08-15 08:09:23.771933
0,0,2025-08-15 08:09:15.366218,2025-08-15 08:09:06.343523,P57207812,2025-08-15 08:08:16.452047,40b70255-1c18-488f-821c-492a2835c810,b2c68bad-463f-4627-b932-0bfbe1f01d94,2025-08-15 08:08:16.789870,2025-08-15 08:08:16.499068,2025-08-15 08:09:24.395683,2025-08-15 08:09:23.771933
1,1,2025-08-15 08:09:17.454897,2025-08-15 08:09:08.230251,P98588807,2025-08-15 08:08:16.466641,40b70255-1c18-488f-821c-492a2835c810,b2c68bad-463f-4627-b932-0bfbe1f01d94,2025-08-15 08:08:16.944474,2025-08-15 08:08:16.828811,2025-08-15 08:10:20.403450,2025-08-15 08:10:20.196603
1,1,2025-08-15 08:09:19.388463,2025-08-15 08:09:10.378306,P34449255,2025-08-15 08:08:16.466655,40b70255-1c18-488f-821c-492a2835c810,b2c68bad-463f-4627-b932-0bfbe1f01d94,2025-08-15 08:08:16.944474,2025-08-15 08:08:16.828811,2025-08-15 08:10:20.403450,2025-08-15 08:10:20.196603
1,1,2025-08-15 08:09:21.846720,2025-08-15 08:09:12.436252,P88560651,2025-08-15 08:08:16.466656,40b70255-1c18-488f-821c-492a2835c810,b2c68bad-463f-4627-b932-0bfbe1f01d94,2025-08-15 08:08:16.944474,2025-08-15 08:08:16.828811,2025-08-15 08:10:20.403450,2025-08-15 08:10:20.196603
1,1,2025-08-15 08:09:30.796663,2025-08-15 08:09:15.366448,P89706593,2025-08-15 08:08:16.466657,40b70255-1c18-488f-821c-492a2835c810,b2c68bad-463f-4627-b932-0bfbe1f01d94,2025-08-15 08:08:16.944474,2025-08-15 08:08:16.828811,2025-08-15 08:10:20.403450,2025-08-15 08:10:20.196603
1,1,2025-08-15 08:09:32.879729,2025-08-15 08:09:17.455275,P30443914,2025-08-15 08:08:16.466658,40b70255-1c18-488f-821c-492a2835c810,b2c68bad-463f-4627-b932-0bfbe1f01d94,2025-08-15 08:08:16.944474,2025-08-15 08:08:16.828811,2025-08-15 08:10:20.403450,2025-08-15 08:10:20.196603
1,1,2025-08-15 08:09:34.724289,2025-08-15 08:09:19.391668,P41324261,2025-08-15 08:08:16.466664,40b70255-1c18-488f-821c-492a2835c810,b2c68bad-463f-4627-b932-0bfbe1f01d94,2025-08-15 08:08:16.944474,2025-08-15 08:08:16.828811,2025-08-15 08:10:20.403450,2025-08-15 08:10:20.196603
1,1,2025-08-15 08:09:36.259251,2025-08-15 08:09:21.848014,P88392547,2025-08-15 08:08:16.466664,40b70255-1c18-488f-821c-492a2835c810,b2c68bad-463f-4627-b932-0bfbe1f01d94,2025-08-15 08:08:16.944474,2025-08-15 08:08:16.828811,2025-08-15 08:10:20.403450,2025-08-15 08:10:20.196603
1,1,2025-08-15 08:09:38.465557,2025-08-15 08:09:23.764253,P37618985,2025-08-15 08:08:16.466665,40b70255-1c18-488f-821c-492a2835c810,b2c68bad-463f-4627-b932-0bfbe1f01d94,2025-08-15 08:08:16.944474,2025-08-15 08:08:16.828811,2025-08-15 08:10:20.403450,2025-08-15 08:10:20.196603
1,1,2025-08-15 08:09:46.579389,2025-08-15 08:09:30.799491,P15019750,2025-08-15 08:08:16.466666,40b70255-1c18-488f-821c-492a2835c810,b2c68bad-463f-4627-b932-0bfbe1f01d94,2025-08-15 08:08:16.944474,2025-08-15 08:08:16.828811,2025-08-15 08:10:20.403450,2025-08-15 08:10:20.196603
1,1,2025-08-15 08:09:41.717382,2025-08-15 08:09:32.880120,P48509440,2025-08-15 08:08:16.466666,40b70255-1c18-488f-821c-492a2835c810,b2c68bad-463f-4627-b932-0bfbe1f01d94,2025-08-15 08:08:16.944474,2025-08-15 08:08:16.828811,2025-08-15 08:10:20.403450,2025-08-15 08:10:20.196603
1,1,2025-08-15 08:09:43.593184,2025-08-15 08:09:34.725546,P98954365,2025-08-15 08:08:16.466667,40b70255-1c18-488f-821c-492a2835c810,b2c68bad-463f-4627-b932-0bfbe1f01d94,2025-08-15 08:08:16.944474,2025-08-15 08:08:16.828811,2025-08-15 08:10:20.403450,2025-08-15 08:10:20.196603
1,1,2025-08-15 08:09:53.390041,2025-08-15 08:09:36.259311,P92691234,2025-08-15 08:08:16.466667,40b70255-1c18-488f-821c-492a2835c810,b2c68bad-463f-4627-b932-0bfbe1f01d94,2025-08-15 08:08:16.944474,2025-08-15 08:08:16.828811,2025-08-15 08:10:20.403450,2025-08-15 08:10:20.196603
1,1,2025-08-15 08:09:44.534014,2025-08-15 08:09:38.466439,P69166619,2025-08-15 08:08:16.470187,40b70255-1c18-488f-821c-492a2835c810,b2c68bad-463f-4627-b932-0bfbe1f01d94,2025-08-15 08:08:16.944474,2025-08-15 08:08:16.828811,2025-08-15 08:10:20.403450,2025-08-15 08:10:20.196603
1,1,2025-08-15 08:09:48.193154,2025-08-15 08:09:41.717612,P18584750,2025-08-15 08:08:16.470216,40b70255-1c18-488f-821c-492a2835c810,b2c68bad-463f-4627-b932-0bfbe1f01d94,2025-08-15 08:08:16.944474,2025-08-15 08:08:16.828811,2025-08-15 08:10:20.403450,2025-08-15 08:10:20.196603
1,1,2025-08-15 08:09:58.211180,2025-08-15 08:09:43.593554,P35781819,2025-08-15 08:08:16.470218,40b70255-1c18-488f-821c-492a2835c810,b2c68bad-463f-4627-b932-0bfbe1f01d94,2025-08-15 08:08:16.944474,2025-08-15 08:08:16.828811,2025-08-15 08:10:20.403450,2025-08-15 08:10:20.196603
1,1,2025-08-15 08:09:51.588984,2025-08-15 08:09:44.537257,P87930822,2025-08-15 08:08:16.470218,40b70255-1c18-488f-821c-492a2835c810,b2c68bad-463f-4627-b932-0bfbe1f01d94,2025-08-15 08:08:16.944474,2025-08-15 08:08:16.828811,2025-08-15 08:10:20.403450,2025-08-15 08:10:20.196603
1,1,2025-08-15 08:10:03.103817,2025-08-15 08:09:46.583755,P30434392,2025-08-15 08:08:16.470219,40b70255-1c18-488f-821c-492a2835c810,b2c68bad-463f-4627-b932-0bfbe1f01d94,2025-08-15 08:08:16.944474,2025-08-15 08:08:16.828811,2025-08-15 08:10:20.403450,2025-08-15 08:10:20.196603
1,1,2025-08-15 08:09:56.261330,2025-08-15 08:09:48.206642,P65135207,2025-08-15 08:08:16.470219,40b70255-1c18-488f-821c-492a2835c810,b2c68bad-463f-4627-b932-0bfbe1f01d94,2025-08-15 08:08:16.944474,2025-08-15 08:08:16.828811,2025-08-15 08:10:20.403450,2025-08-15 08:10:20.196603
1,1,2025-08-15 08:10:00.294148,2025-08-15 08:09:51.589179,P48381908,2025-08-15 08:08:16.470219,40b70255-1c18-488f-821c-492a2835c810,b2c68bad-463f-4627-b932-0bfbe1f01d94,2025-08-15 08:08:16.944474,2025-08-15 08:08:16.828811,2025-08-15 08:10:20.403450,2025-08-15 08:10:20.196603
1,1,2025-08-15 08:10:10.113182,2025-08-15 08:09:53.390441,P30499750,2025-08-15 08:08:16.470220,40b70255-1c18-488f-821c-492a2835c810,b2c68bad-463f-4627-b932-0bfbe1f01d94,2025-08-15 08:08:16.944474,2025-08-15 08:08:16.828811,2025-08-15 08:10:20.403450,2025-08-15 08:10:20.196603
1,1,2025-08-15 08:10:13.110311,2025-08-15 08:09:56.262331,P67939222,2025-08-15 08:08:16.470220,40b70255-1c18-488f-821c-492a2835c810,b2c68bad-463f-4627-b932-0bfbe1f01d94,2025-08-15 08:08:16.944474,2025-08-15 08:08:16.828811,2025-08-15 08:10:20.403450,2025-08-15 08:10:20.196603
1,1,2025-08-15 08:10:06.145683,2025-08-15 08:09:58.211268,P68078353,2025-08-15 08:08:16.470221,40b70255-1c18-488f-821c-492a2835c810,b2c68bad-463f-4627-b932-0bfbe1f01d94,2025-08-15 08:08:16.944474,2025-08-15 08:08:16.828811,2025-08-15 08:10:20.403450,2025-08-15 08:10:20.196603
1,1,2025-08-15 08:10:08.146735,2025-08-15 08:10:00.295991,P41349183,2025-08-15 08:08:16.470221,40b70255-1c18-488f-821c-492a2835c810,b2c68bad-463f-4627-b932-0bfbe1f01d94,2025-08-15 08:08:16.944474,2025-08-15 08:08:16.828811,2025-08-15 08:10:20.403450,2025-08-15 08:10:20.196603
1,1,2025-08-15 08:10:20.143522,2025-08-15 08:10:03.103926,P15554102,2025-08-15 08:08:16.470221,40b70255-1c18-488f-821c-492a2835c810,b2c68bad-463f-4627-b932-0bfbe1f01d94,2025-08-15 08:08:16.944474,2025-08-15 08:08:16.828811,2025-08-15 08:10:20.403450,2025-08-15 08:10:20.196603
1,1,2025-08-15 08:10:15.019450,2025-08-15 08:10:06.145750,P60874489,2025-08-15 08:08:16.470221,40b70255-1c18-488f-821c-492a2835c810,b2c68bad-463f-4627-b932-0bfbe1f01d94,2025-08-15 08:08:16.944474,2025-08-15 08:08:16.828811,2025-08-15 08:10:20.403450,2025-08-15 08:10:20.196603
2,2,2025-08-15 08:10:17.149743,2025-08-15 08:10:08.147107,P98018217,2025-08-15 08:08:16.470223,40b70255-1c18-488f-821c-492a2835c810,b2c68bad-463f-4627-b932-0bfbe1f01d94,2025-08-15 08:08:16.962248,2025-08-15 08:08:16.945431,2025-08-15 08:11:29.438298,2025-08-15 08:11:29.254302
2,2,2025-08-15 08:10:18.342256,2025-08-15 08:10:10.113761,P71723799,2025-08-15 08:08:16.470223,40b70255-1c18-488f-821c-492a2835c810,b2c68bad-463f-4627-b932-0bfbe1f01d94,2025-08-15 08:08:16.962248,2025-08-15 08:08:16.945431,2025-08-15 08:11:29.438298,2025-08-15 08:11:29.254302
2,2,2025-08-15 08:10:36.922245,2025-08-15 08:10:13.110977,P95943511,2025-08-15 08:08:16.470224,40b70255-1c18-488f-821c-492a2835c810,b2c68bad-463f-4627-b932-0bfbe1f01d94,2025-08-15 08:08:16.962248,2025-08-15 08:08:16.945431,2025-08-15 08:11:29.438298,2025-08-15 08:11:29.254302
2,2,2025-08-15 08:10:29.572450,2025-08-15 08:10:15.019717,P00928897,2025-08-15 08:08:16.470224,40b70255-1c18-488f-821c-492a2835c810,b2c68bad-463f-4627-b932-0bfbe1f01d94,2025-08-15 08:08:16.962248,2025-08-15 08:08:16.945431,2025-08-15 08:11:29.438298,2025-08-15 08:11:29.254302
2,2,2025-08-15 08:10:31.802321,2025-08-15 08:10:17.152361,P73484902,2025-08-15 08:08:16.470224,40b70255-1c18-488f-821c-492a2835c810,b2c68bad-463f-4627-b932-0bfbe1f01d94,2025-08-15 08:08:16.962248,2025-08-15 08:08:16.945431,2025-08-15 08:11:29.438298,2025-08-15 08:11:29.254302
2,2,2025-08-15 08:10:34.160722,2025-08-15 08:10:18.342624,P54753525,2025-08-15 08:08:16.470225,40b70255-1c18-488f-821c-492a2835c810,b2c68bad-463f-4627-b932-0bfbe1f01d94,2025-08-15 08:08:16.962248,2025-08-15 08:08:16.945431,2025-08-15 08:11:29.438298,2025-08-15 08:11:29.254302
2,2,2025-08-15 08:10:26.145556,2025-08-15 08:10:20.150334,P59535884,2025-08-15 08:08:16.470225,40b70255-1c18-488f-821c-492a2835c810,b2c68bad-463f-4627-b932-0bfbe1f01d94,2025-08-15 08:08:16.962248,2025-08-15 08:08:16.945431,2025-08-15 08:11:29.438298,2025-08-15 08:11:29.254302
2,2,2025-08-15 08:10:45.427391,2025-08-15 08:10:26.146060,P61466967,2025-08-15 08:08:16.470226,40b70255-1c18-488f-821c-492a2835c810,b2c68bad-463f-4627-b932-0bfbe1f01d94,2025-08-15 08:08:16.962248,2025-08-15 08:08:16.945431,2025-08-15 08:11:29.438298,2025-08-15 08:11:29.254302
2,2,2025-08-15 08:10:39.008895,2025-08-15 08:10:29.576798,P92800115,2025-08-15 08:08:16.470226,40b70255-1c18-488f-821c-492a2835c810,b2c68bad-463f-4627-b932-0bfbe1f01d94,2025-08-15 08:08:16.962248,2025-08-15 08:08:16.945431,2025-08-15 08:11:29.438298,2025-08-15 08:11:29.254302
2,2,2025-08-15 08:10:41.197992,2025-08-15 08:10:31.802659,P25980094,2025-08-15 08:08:16.470227,40b70255-1c18-488f-821c-492a2835c810,b2c68bad-463f-4627-b932-0bfbe1f01d94,2025-08-15 08:08:16.962248,2025-08-15 08:08:16.945431,2025-08-15 08:11:29.438298,2025-08-15 08:11:29.254302
2,2,2025-08-15 08:10:43.219490,2025-08-15 08:10:34.161115,P93045523,2025-08-15 08:08:16.470227,40b70255-1c18-488f-821c-492a2835c810,b2c68bad-463f-4627-b932-0bfbe1f01d94,2025-08-15 08:08:16.962248,2025-08-15 08:08:16.945431,2025-08-15 08:11:29.438298,2025-08-15 08:11:29.254302
2,2,2025-08-15 08:10:45.564058,2025-08-15 08:10:36.923954,P76005867,2025-08-15 08:08:16.470232,40b70255-1c18-488f-821c-492a2835c810,b2c68bad-463f-4627-b932-0bfbe1f01d94,2025-08-15 08:08:16.962248,2025-08-15 08:08:16.945431,2025-08-15 08:11:29.438298,2025-08-15 08:11:29.254302
2,2,2025-08-15 08:10:47.662857,2025-08-15 08:10:39.012553,P15284867,2025-08-15 08:08:16.470233,40b70255-1c18-488f-821c-492a2835c810,b2c68bad-463f-4627-b932-0bfbe1f01d94,2025-08-15 08:08:16.962248,2025-08-15 08:08:16.945431,2025-08-15 08:11:29.438298,2025-08-15 08:11:29.254302
2,2,2025-08-15 08:10:49.820122,2025-08-15 08:10:41.201427,P21007049,2025-08-15 08:08:16.470233,40b70255-1c18-488f-821c-492a2835c810,b2c68bad-463f-4627-b932-0bfbe1f01d94,2025-08-15 08:08:16.962248,2025-08-15 08:08:16.945431,2025-08-15 08:11:29.438298,2025-08-15 08:11:29.254302
2,2,2025-08-15 08:10:51.887205,2025-08-15 08:10:43.219877,P39912835,2025-08-15 08:08:16.470233,40b70255-1c18-488f-821c-492a2835c810,b2c68bad-463f-4627-b932-0bfbe1f01d94,2025-08-15 08:08:16.962248,2025-08-15 08:08:16.945431,2025-08-15 08:11:29.438298,2025-08-15 08:11:29.254302
2,2,2025-08-15 08:10:54.013057,2025-08-15 08:10:45.444517,P60958885,2025-08-15 08:08:16.470234,40b70255-1c18-488f-821c-492a2835c810,b2c68bad-463f-4627-b932-0bfbe1f01d94,2025-08-15 08:08:16.962248,2025-08-15 08:08:16.945431,2025-08-15 08:11:29.438298,2025-08-15 08:11:29.254302
2,2,2025-08-15 08:10:56.251716,2025-08-15 08:10:45.566113,P64270072,2025-08-15 08:08:16.470234,40b70255-1c18-488f-821c-492a2835c810,b2c68bad-463f-4627-b932-0bfbe1f01d94,2025-08-15 08:08:16.962248,2025-08-15 08:08:16.945431,2025-08-15 08:11:29.438298,2025-08-15 08:11:29.254302
2,2,2025-08-15 08:10:58.517018,2025-08-15 08:10:47.676511,P02102861,2025-08-15 08:08:16.470235,40b70255-1c18-488f-821c-492a2835c810,b2c68bad-463f-4627-b932-0bfbe1f01d94,2025-08-15 08:08:16.962248,2025-08-15 08:08:16.945431,2025-08-15 08:11:29.438298,2025-08-15 08:11:29.254302
2,2,2025-08-15 08:11:00.804231,2025-08-15 08:10:49.823440,P28038143,2025-08-15 08:08:16.470235,40b70255-1c18-488f-821c-492a2835c810,b2c68bad-463f-4627-b932-0bfbe1f01d94,2025-08-15 08:08:16.962248,2025-08-15 08:08:16.945431,2025-08-15 08:11:29.438298,2025-08-15 08:11:29.254302
2,2,2025-08-15 08:11:09.911588,2025-08-15 08:10:51.887268,P28957850,2025-08-15 08:08:16.470235,40b70255-1c18-488f-821c-492a2835c810,b2c68bad-463f-4627-b932-0bfbe1f01d94,2025-08-15 08:08:16.962248,2025-08-15 08:08:16.945431,2025-08-15 08:11:29.438298,2025-08-15 08:11:29.254302
2,2,2025-08-15 08:11:03.750319,2025-08-15 08:10:54.018426,P84979364,2025-08-15 08:08:16.470236,40b70255-1c18-488f-821c-492a2835c810,b2c68bad-463f-4627-b932-0bfbe1f01d94,2025-08-15 08:08:16.962248,2025-08-15 08:08:16.945431,2025-08-15 08:11:29.438298,2025-08-15 08:11:29.254302
2,2,2025-08-15 08:11:12.927027,2025-08-15 08:10:56.264744,P64165110,2025-08-15 08:08:16.470236,40b70255-1c18-488f-821c-492a2835c810,b2c68bad-463f-4627-b932-0bfbe1f01d94,2025-08-15 08:08:16.962248,2025-08-15 08:08:16.945431,2025-08-15 08:11:29.438298,2025-08-15 08:11:29.254302
2,2,2025-08-15 08:11:06.840817,2025-08-15 08:10:58.517095,P92276792,2025-08-15 08:08:16.470237,40b70255-1c18-488f-821c-492a2835c810,b2c68bad-463f-4627-b932-0bfbe1f01d94,2025-08-15 08:08:16.962248,2025-08-15 08:08:16.945431,2025-08-15 08:11:29.438298,2025-08-15 08:11:29.254302
2,2,2025-08-15 08:11:17.385788,2025-08-15 08:11:00.804588,P98027313,2025-08-15 08:08:16.470237,40b70255-1c18-488f-821c-492a2835c810,b2c68bad-463f-4627-b932-0bfbe1f01d94,2025-08-15 08:08:16.962248,2025-08-15 08:08:16.945431,2025-08-15 08:11:29.438298,2025-08-15 08:11:29.254302
2,2,2025-08-15 08:11:29.244873,2025-08-15 08:11:03.750385,P62227553,2025-08-15 08:08:16.470237,40b70255-1c18-488f-821c-492a2835c810,b2c68bad-463f-4627-b932-0bfbe1f01d94,2025-08-15 08:08:16.962248,2025-08-15 08:08:16.945431,2025-08-15 08:11:29.438298,2025-08-15 08:11:29.254302
3,3,2025-08-15 08:11:15.257871,2025-08-15 08:11:06.841279,P64202318,2025-08-15 08:08:16.470238,40b70255-1c18-488f-821c-492a2835c810,b2c68bad-463f-4627-b932-0bfbe1f01d94,2025-08-15 08:08:16.983303,2025-08-15 08:08:16.962420,2025-08-15 08:12:19.535471,2025-08-15 08:12:19.460375
3,3,2025-08-15 08:11:19.747686,2025-08-15 08:11:09.911774,P98375722,2025-08-15 08:08:16.470239,40b70255-1c18-488f-821c-492a2835c810,b2c68bad-463f-4627-b932-0bfbe1f01d94,2025-08-15 08:08:16.983303,2025-08-15 08:08:16.962420,2025-08-15 08:12:19.535471,2025-08-15 08:12:19.460375
3,3,2025-08-15 08:11:31.370311,2025-08-15 08:11:12.927526,P25584093,2025-08-15 08:08:16.470239,40b70255-1c18-488f-821c-492a2835c810,b2c68bad-463f-4627-b932-0bfbe1f01d94,2025-08-15 08:08:16.983303,2025-08-15 08:08:16.962420,2025-08-15 08:12:19.535471,2025-08-15 08:12:19.460375
3,3,2025-08-15 08:11:24.242733,2025-08-15 08:11:15.260076,P24136331,2025-08-15 08:08:16.470240,40b70255-1c18-488f-821c-492a2835c810,b2c68bad-463f-4627-b932-0bfbe1f01d94,2025-08-15 08:08:16.983303,2025-08-15 08:08:16.962420,2025-08-15 08:12:19.535471,2025-08-15 08:12:19.460375
3,3,2025-08-15 08:11:26.239607,2025-08-15 08:11:17.385978,P60497289,2025-08-15 08:08:16.470240,40b70255-1c18-488f-821c-492a2835c810,b2c68bad-463f-4627-b932-0bfbe1f01d94,2025-08-15 08:08:16.983303,2025-08-15 08:08:16.962420,2025-08-15 08:12:19.535471,2025-08-15 08:12:19.460375
3,3,2025-08-15 08:11:28.078608,2025-08-15 08:11:19.750776,P92911111,2025-08-15 08:08:16.470240,40b70255-1c18-488f-821c-492a2835c810,b2c68bad-463f-4627-b932-0bfbe1f01d94,2025-08-15 08:08:16.983303,2025-08-15 08:08:16.962420,2025-08-15 08:12:19.535471,2025-08-15 08:12:19.460375
3,3,2025-08-15 08:11:33.386232,2025-08-15 08:11:24.242795,P10752661,2025-08-15 08:08:16.470241,40b70255-1c18-488f-821c-492a2835c810,b2c68bad-463f-4627-b932-0bfbe1f01d94,2025-08-15 08:08:16.983303,2025-08-15 08:08:16.962420,2025-08-15 08:12:19.535471,2025-08-15 08:12:19.460375
3,3,2025-08-15 08:11:35.481382,2025-08-15 08:11:26.240033,P44247084,2025-08-15 08:08:16.470241,40b70255-1c18-488f-821c-492a2835c810,b2c68bad-463f-4627-b932-0bfbe1f01d94,2025-08-15 08:08:16.983303,2025-08-15 08:08:16.962420,2025-08-15 08:12:19.535471,2025-08-15 08:12:19.460375
3,3,2025-08-15 08:11:37.719515,2025-08-15 08:11:28.078749,P99973400,2025-08-15 08:08:16.470242,40b70255-1c18-488f-821c-492a2835c810,b2c68bad-463f-4627-b932-0bfbe1f01d94,2025-08-15 08:08:16.983303,2025-08-15 08:08:16.962420,2025-08-15 08:12:19.535471,2025-08-15 08:12:19.460375
3,3,2025-08-15 08:11:46.200076,2025-08-15 08:11:29.246183,P06448921,2025-08-15 08:08:16.470242,40b70255-1c18-488f-821c-492a2835c810,b2c68bad-463f-4627-b932-0bfbe1f01d94,2025-08-15 08:08:16.983303,2025-08-15 08:08:16.962420,2025-08-15 08:12:19.535471,2025-08-15 08:12:19.460375
3,3,2025-08-15 08:11:48.257222,2025-08-15 08:11:31.370964,P30836418,2025-08-15 08:08:16.470242,40b70255-1c18-488f-821c-492a2835c810,b2c68bad-463f-4627-b932-0bfbe1f01d94,2025-08-15 08:08:16.983303,2025-08-15 08:08:16.962420,2025-08-15 08:12:19.535471,2025-08-15 08:12:19.460375
3,3,2025-08-15 08:11:50.387036,2025-08-15 08:11:33.386704,P38046989,2025-08-15 08:08:16.470242,40b70255-1c18-488f-821c-492a2835c810,b2c68bad-463f-4627-b932-0bfbe1f01d94,2025-08-15 08:08:16.983303,2025-08-15 08:08:16.962420,2025-08-15 08:12:19.535471,2025-08-15 08:12:19.460375
3,3,2025-08-15 08:11:52.395412,2025-08-15 08:11:35.481771,P56930813,2025-08-15 08:08:16.470243,40b70255-1c18-488f-821c-492a2835c810,b2c68bad-463f-4627-b932-0bfbe1f01d94,2025-08-15 08:08:16.983303,2025-08-15 08:08:16.962420,2025-08-15 08:12:19.535471,2025-08-15 08:12:19.460375
3,3,2025-08-15 08:11:44.073394,2025-08-15 08:11:37.720168,P20193708,2025-08-15 08:08:16.470243,40b70255-1c18-488f-821c-492a2835c810,b2c68bad-463f-4627-b932-0bfbe1f01d94,2025-08-15 08:08:16.983303,2025-08-15 08:08:16.962420,2025-08-15 08:12:19.535471,2025-08-15 08:12:19.460375
3,3,2025-08-15 08:12:02.688350,2025-08-15 08:11:44.073460,P41256743,2025-08-15 08:08:16.470244,40b70255-1c18-488f-821c-492a2835c810,b2c68bad-463f-4627-b932-0bfbe1f01d94,2025-08-15 08:08:16.983303,2025-08-15 08:08:16.962420,2025-08-15 08:12:19.535471,2025-08-15 08:12:19.460375
3,3,2025-08-15 08:11:55.740341,2025-08-15 08:11:46.225439,P70594375,2025-08-15 08:08:16.470244,40b70255-1c18-488f-821c-492a2835c810,b2c68bad-463f-4627-b932-0bfbe1f01d94,2025-08-15 08:08:16.983303,2025-08-15 08:08:16.962420,2025-08-15 08:12:19.535471,2025-08-15 08:12:19.460375
3,3,2025-08-15 08:11:57.567867,2025-08-15 08:11:48.259201,P08817015,2025-08-15 08:08:16.470245,40b70255-1c18-488f-821c-492a2835c810,b2c68bad-463f-4627-b932-0bfbe1f01d94,2025-08-15 08:08:16.983303,2025-08-15 08:08:16.962420,2025-08-15 08:12:19.535471,2025-08-15 08:12:19.460375
3,3,2025-08-15 08:12:08.737483,2025-08-15 08:11:50.388132,P16185751,2025-08-15 08:08:16.470245,40b70255-1c18-488f-821c-492a2835c810,b2c68bad-463f-4627-b932-0bfbe1f01d94,2025-08-15 08:08:16.983303,2025-08-15 08:08:16.962420,2025-08-15 08:12:19.535471,2025-08-15 08:12:19.460375
3,3,2025-08-15 08:12:00.765090,2025-08-15 08:11:52.395665,P02364334,2025-08-15 08:08:16.470245,40b70255-1c18-488f-821c-492a2835c810,b2c68bad-463f-4627-b932-0bfbe1f01d94,2025-08-15 08:08:16.983303,2025-08-15 08:08:16.962420,2025-08-15 08:12:19.535471,2025-08-15 08:12:19.460375
3,3,2025-08-15 08:12:04.649958,2025-08-15 08:11:55.740414,P32435763,2025-08-15 08:08:16.470246,40b70255-1c18-488f-821c-492a2835c810,b2c68bad-463f-4627-b932-0bfbe1f01d94,2025-08-15 08:08:16.983303,2025-08-15 08:08:16.962420,2025-08-15 08:12:19.535471,2025-08-15 08:12:19.460375
3,3,2025-08-15 08:12:06.743581,2025-08-15 08:11:57.568305,P15343507,2025-08-15 08:08:16.470246,40b70255-1c18-488f-821c-492a2835c810,b2c68bad-463f-4627-b932-0bfbe1f01d94,2025-08-15 08:08:16.983303,2025-08-15 08:08:16.962420,2025-08-15 08:12:19.535471,2025-08-15 08:12:19.460375
3,3,2025-08-15 08:12:10.946053,2025-08-15 08:12:00.765301,P64761073,2025-08-15 08:08:16.470247,40b70255-1c18-488f-821c-492a2835c810,b2c68bad-463f-4627-b932-0bfbe1f01d94,2025-08-15 08:08:16.983303,2025-08-15 08:08:16.962420,2025-08-15 08:12:19.535471,2025-08-15 08:12:19.460375
3,3,2025-08-15 08:12:19.460177,2025-08-15 08:12:02.700400,P04361188,2025-08-15 08:08:16.470247,40b70255-1c18-488f-821c-492a2835c810,b2c68bad-463f-4627-b932-0bfbe1f01d94,2025-08-15 08:08:16.983303,2025-08-15 08:08:16.962420,2025-08-15 08:12:19.535471,2025-08-15 08:12:19.460375
3,3,2025-08-15 08:12:14.660062,2025-08-15 08:12:04.654227,P36258478,2025-08-15 08:08:16.470247,40b70255-1c18-488f-821c-492a2835c810,b2c68bad-463f-4627-b932-0bfbe1f01d94,2025-08-15 08:08:16.983303,2025-08-15 08:08:16.962420,2025-08-15 08:12:19.535471,2025-08-15 08:12:19.460375
3,3,2025-08-15 08:12:16.954574,2025-08-15 08:12:06.751117,P63490562,2025-08-15 08:08:16.470248,40b70255-1c18-488f-821c-492a2835c810,b2c68bad-463f-4627-b932-0bfbe1f01d94,2025-08-15 08:08:16.983303,2025-08-15 08:08:16.962420,2025-08-15 08:12:19.535471,2025-08-15 08:12:19.460375
